0	[16380  2184  4680  4095 16380  4095  4095  2184  4680 16380]
1	[ 78 117  78 117  78  78  78 117  78 117]
2	[2808  780 2808 2808  780  780 2808 1755 1755 1755]
3	[9633 3042 4446 3042 3042 4446 4446 4446 9633 4446]
4	[18564 18564 18564 41769 23868 18564 18564 23868 18564 19656]
5	[1365 3510 4095 4095 4095 2457 3510 1365 3510 2457]
6	[3315  780  780  780  780 1326 1326 1326 1326 1326]
7	[351 351 546 351 351 546 351 273 351 273]
8	[195 156 234 156 585 234 195 234 585 195]
9	[12597  6630  6630  6630  7410  7410 12597  6630 12597 12597]
10	[2457 2457 2730 2730 2457 3510 2457 2457 3510 3510]
11	[117 117 117 117  78  78  78  78  78  78]
12	[1092 1092 1092 1092 1716 1716 1092 3003 1092 1716]
13	[ 78  78 117 117  78 117 117  78  78  78]
14	[ 78 117  78  78 117  78  78  78  78  78]
15	[117 117 117 117  78  78  78  78  78  78]
16	[11856 53352  5928  6669 53352  5616  6669  5616 11856  5928]
17	[2340 2730 2184 4680 2340 4095 4095 4095 4680 2340]
18	[1092  273  273  624  624  624  273 1092  273  624]
19	[273 390 273 273 390 273 390 390 390 390]
20	[2340 8190 8190 2340 1365 1092 1092 1092 1092 2340]
21	[117 117  78 117  78 117 117  78 117  78]
22	[585 585 936 936 780 585 780 585 585 936]
23	[ 9360  9360  7605 15210  7605 30420 15210  8112  8112 15210]
24	[18018  9009 30030  8190 18018  8190  9009  8190 30030 12870]
25	[2028 6084 2028 2808 3042 6084 6084 6084 4563 3042]
26	[ 312  312  273 2184  312  273  312 2184  312 2184]
27	[4056 2028 2184 3549 4056 2184 2028 3549 3549 2184]
28	[3276 1170 1170 3276 4095 1170 2730 4095 3276 2730]
29	[156 312 156 312 156 273 312 312 312 156]
30	[117  78  78 117 117 117 117 117 117  78]
31	[273 234 468 273 468 468 468 234 468 546]
32	[ 46683  41496  39312 106704  39312 106704  41496  39312  41496  41496]
33	[ 78  78 117  78  78 117  78  78 117 117]
34	[1092  234 1092  234 1092  234  819  234  819  819]
35	[117 117  78 117 117 117 117 117  78 117]
36	[507 507 507 273 507 273 273 507 273 507]
37	[ 78 117  78 117  78  78  78  78 117  78]
38	[117 546 234 117 273 234 117 546 234 117]
39	[13338 14820  7410 33345 26676  7020 13338 26676  7410  7020]
40	[195 195 234 234 117 195 195 234 195 234]
41	[741 117 741 117 741 117 117 117 117 741]
42	[ 780  780 1755 1404 1755 1755  780 1404 1755 1755]
43	[1365 1560 2184 1365 1680 5460 5460 4368 1680 2184]
44	[ 78  78  78 117  78  78 117 117 117  78]
45	[117  78 117 117  78  78  78  78  78 117]
46	[10647 24336 13104 13104 28392 24336 10647 28392 24336 24336]
47	[ 78  78  78  78 117 117  78  78 117  78]
48	[1404 1404 1404  624  351  624 1404 1404 1872 1872]
49	[2223 6669 1404 2964 6669 1404 2223 2964 6669 2223]
50	[ 8151  5148  5148  5148 48906 24453  8892 24453 16302  8892]
51	[ 507  312  507  507  507 1014  312 2028  312 1014]
52	[59280 59280 28080 33345 59280 33345 33345 53352 28080 59280]
53	[65637 11934 65637 65637  7293  7722  7722  7293 65637 11934]
54	[702 273 546 273 819 273 819 273 702 546]
55	[35490  5460 10140 35490  7098 35490  5070  7098 10140 17745]
56	[ 78  78  78  78  78 117  78 117 117 117]
57	[5616 5616 5616 2184 2184 2184 2457 2457 2184 2457]
58	[507 507 741 741 507 741 507 507 507 741]
59	[1638 3003 3003 1287 1287 1638 1287 3003 1638 1638]
60	[ 49140  30030  49140  77220  54054  45045  60060  60060 108108  49140]
61	[ 1755  1755  1755  3120 14040  1755  1872 14040  1755  3120]
62	[741 741 195 741 195 195 741 195 741 195]
63	[117 117 624 624 117 624 624 624 117 624]
64	[5304 5304 1872 1872 1872 1989 5304 1872 1989 1872]
65	[117 117  78 117  78  78 117 117  78  78]
66	[273 234 273 273 273 273 234 234 234 273]
67	[9126 7722 7722 9126 5577 7722 5577 7722 9126 5577]
68	[117  78 117 117 117  78 117  78  78  78]
69	[ 78  78 117 117  78  78  78  78  78 117]
70	[390 390 390 663 663 663 663 663 390 663]
71	[273 273 819 819 819 546 819 546 468 273]
72	[21879 21879 16731 21879 25857 16731 94809 94809 16731 25857]
73	[ 78  78  78  78  78  78 117 117 117 117]
74	[195 156 156 195 156 156 156 156 156 156]
75	[117 117 117  78 117  78 117 117  78 117]
76	[ 351 1872 2808  351 1872 1872  312  312  312 2808]
77	[51870 29640 29640 10920 29640 20748 51870 29640 29640 25935]
78	[1170 1365 3276 1170 3276 1170 1170 1638 1170 1170]
79	[117 156 156 117 117 156 117 156 117 117]
80	[351 351 351 351 624 351 351 351 624 351]
81	[ 234  663  234  234 1326 1326  663  663  234  663]
82	[1638 2730 1755 2730 1755 2730 2730 1755 1638 1638]
83	[10920  5460 10920  2730  1560  1365 10920  4368  2730  4368]
84	[468 273 468 468 273 273 468 273 273 273]
85	[28899 13338  9633  9126 86697 86697 28899 28899  9126 86697]
86	[ 78 117 117  78  78  78 117  78 117 117]
87	[ 78  78  78 351  78 351  78  78  78 351]
88	[ 9828 12285 24570  5460  9828  8190  7020 49140  7020 12285]
89	[ 78 117 117 117  78  78  78  78  78 117]
90	[ 78  78  78 117 117 117 117 117  78  78]
91	[ 78 117 117 117  78 117 117  78 117  78]
92	[741 312 741 312 741 312 741 312 741 741]
93	[ 8892 10374  3276  3276 15561 20748 15561 15561 10374 10374]
94	[117 117 117 117  78 117 117  78 117  78]
95	[117 156 234 117 117 117 234 312 156 312]
96	[10374  8190 31122 11115 10374  8190 11115  8190 10374 10374]
97	[ 702 1638  273  273  273 2457 2457 2457  546  546]
98	[ 78 117 117  78 117  78 117  78  78  78]
99	[3432 1872 1872 1872 6864 1287 1287 1287 1716 1872]
100	[ 5148  5148 12870  5148 19305 19305 19305  7020  4290 19305]
101	[390 390 390 507 507 507 390 390 390 507]
102	[ 78 117 117  78 117  78  78 117  78  78]
103	[2340 1560 3120  936  585  780 1170 2340  780 1560]
104	[195 351 351 351 195 351 351 195 351 195]
105	[ 78 117 117 117  78  78 117  78  78  78]
106	[ 53235  56784  65520  56784  53235  65520  70980 121680 121680  56784]
107	[117  78  78 117 117  78  78 117  78  78]
108	[ 78 117  78 117 117 117 117 117 117  78]
109	[113373  25194  50388  26676  26676  37791  23868  26676  50388  75582]
110	[ 78  78  78 117 117 117  78 117  78  78]
111	[195 351 195 351 351 195 195 195 195 351]
112	[ 95472  41769  37128  47736 111384  95472  83538  39312  95472  47736]
113	[1092 1092 3549 3549 1092 2028 2028 3549 2028 3549]
114	[585 195 195 585 195 195 585 390 390 702]
115	[ 936  312  936 1404 1404  351  936  936  312  351]
116	[ 78 117  78  78 117  78  78 117 117  78]
117	[ 78  78  78  78 117  78 117 117 117  78]
118	[5460 5460 3276 8190 8190 3276 2340 4095 5460 2340]
119	[15561 15561 13104 41496 20748 17784 17784 13104 41496 17784]
120	[13260 50388 13260 62985 62985 13260 13260 14820 13260 14820]
121	[ 15444  15444  15444  18252 100386  15444 100386  18252  11154  16731]
122	[ 78  78 117 117  78  78  78 117 117 117]
123	[117  78 117  78  78  78 117  78 117  78]
124	[40560 40560 36504 36504 22815 28080 40560 22815 40560 28080]
125	[3705 2340 4446 4446 7410 7410 7410 3705 3705 3705]
126	[ 78  78  78 117 117  78  78  78 117 117]
127	[ 78 117  78  78  78  78 117  78 117 117]
128	[195 507 195 195 507 195 195 507 507 195]
129	[ 78  78 117 117  78  78  78 117  78 117]
130	[5187 3003 5187 5187 3003 8151 8151 5187 3003 5187]
131	[ 3861  5616  3432  5148 20592  7722  3861  5148 20592  3861]
132	[ 78 117  78 117  78 117 117 117 117  78]
133	[2808 4368 2457 2457 2808 2457 4368 2457 2457 2457]
134	[ 78 117 117  78  78 117  78  78 117  78]
135	[117 390 390 117 390 117 390 117 390 117]
136	[60840 14040 22815 36504 22815 22815 20280 45630 60840 20280]
137	[741 741 741 663 741 663 663 741 741 663]
138	[ 78 117  78  78  78 117  78 117  78 117]
139	[ 3276  4446  5187 15561  3276 31122  5187  3276  4446 15561]
140	[2808 2808 4563 4563 2808 4056 4056 4056 2808 4563]
141	[468 195 468 468 195 468 468 468 195 468]
142	[ 78 117  78 117  78 117  78  78 117  78]
143	[2535 4056 5070 4056 3120 4056 4056 4056 5070 4056]
144	[117  78 117  78  78  78 117  78 117  78]
145	[117  78  78  78  78  78 117  78 117 117]
146	[3276 3003 9009 9009 9009 2574 3276 2574 2574 3003]
147	[ 8580 10140  8580  8580 10140 22308 22308 22308 27885 27885]
148	[19656 16380 12285 16380 14040 16380 12285 19656 21840 16380]
149	[ 21840  25935  25935  59280  21840  82992  59280 103740 103740  82992]
150	[351 546 546 351 351 546 351 546 546 546]
151	[1755 2340 1755 1170 1560  780 1170 2340 1560 2808]
152	[117 156 117 117 156 117 156 156 117 156]
153	[4095 1170 4095 1170 1170 1092 1092 1170 1092 1092]
154	[ 78  78  78 117 117 117  78 117  78  78]
155	[ 78  78  78 195  78  78  78 195 195  78]
156	[507 702 702 507 507 702 507 702 507 702]
157	[2223 2223 3705 2223 3705 2223 2223  585  585 3705]
158	[117  78 117 117 117  78 117 117  78  78]
159	[117 117 117 117  78  78  78  78  78  78]
160	[3510 2457 2730 1638 2730 3510 2457 3510 1638 3510]
161	[28080 28080 59670 53040 53040 59670 47736 47736 29835 79560]
162	[ 78  78  78  78  78 117  78  78  78  78]
163	[ 78 117  78  78  78  78 117 117 117 117]
164	[117 117 117 117  78  78  78  78  78  78]
165	[117 117 117 117 117  78 117 117 117 117]
166	[117 117 117  78 117 117 117  78  78 117]
167	[12597 10374  9282 10374 10374 12597 10374 10374  9282  9282]
168	[507 507 429 429 507 507 507 429 507 507]
169	[3978  936  936 3978 3978  936 1989 3978 5304 1989]
170	[117  78  78 117  78  78 117 117  78 117]
171	[ 780  780  780 3510 1755 2808 3510 1755 3510 2808]
172	[195 195 195 234 195 234 234 195 195 195]
173	[1755 4563 2535 1755 1755 1755 2535 4563 2535 2535]
174	[ 50388  32604  32604  29172  29172  32604 138567 138567 138567  32604]
175	[117  78 117  78  78  78 117  78 117  78]
176	[156 156 156 195 195 195 195 156 156 156]
177	[ 6669  3510  6669  6669  7410  3510  7410  7410 11115  7410]
178	[23868 23868 29835 23868 29835 29835 14040 14040 13260 39780]
179	[351 390 351 390 351 351 351 390 390 390]
180	[ 78 117 117 117  78  78  78 117 117  78]
181	[67431 46683 86697 67431 31941 67431 67431 67431 31941 31941]
182	[4290 4290 3510 6435 4290 3510 2574 6435 2574 6435]
183	[117 117  78  78  78 117 117 117  78  78]
184	[1521 1014 1404 1521 1521 1014 1404 1014 1521 1014]
185	[156 156 390 156 390 585 156 390 390 390]
186	[351 156 156 156 156 351 156 156 351 156]
187	[1755 1755 1560 1404 1404 1404 1755 1560 1404 1560]
188	[ 78 117  78  78  78 117 117 117 117 117]
189	[312 312 312 663 663 663 663 663 312 663]
190	[ 78  78  78  78  78  78 117 117 117 117]
191	[273 546 546 156 156 546 273 273 273 546]
192	[312 273 273 312 312 273 312 312 312 312]
193	[ 78  78  78  78  78 117 117 117 117  78]
194	[390 351 390 390 351 351 390 351 351 351]
195	[4446 2223  936 2223  936  936 4446 2964 4446 2223]
196	[ 3120  2145 17160  6864  3120 17160 17160 17160  6864  3120]
197	[429 741 741 429 429 741 741 429 429 429]
198	[1872 1872  780  780  585  585 1872 1872 1560 1872]
199	[819 234 234 234 819 234 234 546 819 234]
200	[117  78  78  78  78 117  78 117  78 117]
201	[117 117  78  78 117  78  78  78  78 117]
202	[117  78  78 117  78 117 117 117  78  78]
203	[ 819  819 2223 2223 5187 2223  819 5187 5187 2223]
204	[ 78  78 117 117  78 117  78 117  78  78]
205	[46683 53352 53352 20748 20748 19656 53352 19656 46683 46683]
206	[1326 1326 1170 1989 1989 1989 1326 1326 6630 1326]
207	[ 78 117  78  78 117 117 117 117  78  78]
208	[ 78 117 117 117  78  78  78  78  78 117]
209	[702 702 273 702 702 702 273 702 273 273]
210	[273 273 273 273 429 273 429 429 429 429]
211	[ 468 3978  663  663  663 3978  663  663 3978  663]
212	[312 468 468 468 468 468 117 624 624 312]
213	[117  78 117  78  78  78  78 117  78  78]
214	[117  78  78  78  78 117 117 117  78 117]
215	[156 936 936 117 156 156 156 117 936 156]
216	[1560 1872 1560 1560 1872 1872 1872 1755 1755 1872]
217	[312 312 117 117 312 312 312 117 312 117]
218	[ 78  78  78 117  78 117  78 117  78 117]
219	[117  78 117  78  78 117 117  78  78 117]
220	[ 78 117 117 117  78  78 117  78 117  78]
221	[4914 1365 1365 4914 1365 2457 4914 4914 2457 3510]
222	[ 78  78  78  78  78  78 117 117 117 117]
223	[117 117 117 117  78 117 117  78 117 117]
224	[ 4446  3276  3276 31122  5187  4446 31122 31122 31122  5187]
225	[2184 2184 2184 2184 2184 1365 1560 2184 2184 1560]
226	[ 3315 11934  3510  3315  3315  3315 11934 11934 11934 11934]
227	[ 37128  74256 111384  47736  74256  41769  39312 111384  74256 111384]
228	[117 117 117 273 117 273 273 273 273 117]
229	[4563 4914 4914 3549 4914 3549 4563 3549 4563 4563]
230	[351 351 195 351 195 351 351 195 351 351]
231	[195 195 663 195 195 195 663 195 663 663]
232	[351 741 351 741 741 741 741 351 741 351]
233	[2184 6552 4680 3276 5460 5460 4095 8190 2730 6552]
234	[2964  741  468 2964  741 2964  741  741  468  468]
235	[117  78 117  78 117 117  78  78  78  78]
236	[1482  702  741  702 1482  741  702  741  741  741]
237	[ 78  78 585 585 585  78 585  78 585 585]
238	[117  78  78 117  78  78  78 117  78 117]
239	[ 78 117  78 117 117  78  78 117 117 117]
240	[ 78  78  78 117  78  78 117 117  78 117]
241	[351 390 234 390 234 351 351 390 351 351]
242	[6435 2340 2574 5148 2574 2145 6435 8580 2340 6435]
243	[30030 45045 18018 16380 15015 36036 16380 12870 12870 12870]
244	[663 663 390 390 390 663 390 390 663 390]
245	[117  78  78 117  78 117 117 117 117  78]
246	[134862  35490 134862  48165  35490  35490  48165  35490  51870  48165]
247	[1287 1716 1404 1287 1404 1287 1716 1404 1287 1716]
248	[351 936 156 936 936 156 936 156 156 936]
249	[ 663  663  663  156  156  156  156 1326  663  663]
250	[1092 1170 1170 1365 1638 1365 1092 1365 1170 1170]
251	[ 54054 108108  45045  45045 108108  49140  54054  60060  77220  30030]
252	[ 78 117 117 117  78 117  78  78  78 117]
253	[59280 33345 53352 28080 33345 28080 33345 88920 53352 53352]
254	[10920  9360  9360  9360  4095  4368  5460  4368  4368  4368]
255	[546 273 546 273 390 390 390 546 195 273]
256	[ 78 117 117  78 117  78 117  78  78  78]
257	[ 3705  3510  3510 11115  4446 11115 11115  3705  3510  3510]
258	[ 78  78  78  78  78 117  78 117  78  78]
259	[ 78 117  78 117  78 117  78  78 117  78]
260	[546 546 624 546 273 273 624 546 624 273]
261	[156 117 156 117 117 156 156 156 117 156]
262	[ 78  78  78  78  78 117 117 117 117 117]
263	[117 117 117 117 117  78 117  78  78 117]
264	[117 117 117  78  78  78 117  78 117  78]
265	[3549 3549 8112 8112 3549 4368 8112 3549 3549 3549]
266	[5967 2808 5967 5967 5304 2808 5304 5967 5304 2808]
267	[234 507 507 234 234 507 234 507 507 507]
268	[351 351 234 351 312 351 351 234 234 312]
269	[ 78  78  78  78 117 117  78 117 117  78]
270	[5187 1638 2223 1638 2223 5187 2223 4446 1638 4446]
271	[2184 1560 1365 2184 1560 1365 1365 2184 2184 2184]
272	[195 195 546 195 546 195 546 546 195 546]
273	[117 117 273 273 117 117 117 273 273 117]
274	[117 507 507 507 507 507 507 507 507 117]
275	[ 5460  8190  8190  3510 12285  9828 12285 12285  3510  5460]
276	[27846 92820 92820 16380 18564 19890 69615 27846 69615 27846]
277	[195 195 195 195 234 195 195 195 234 234]
278	[ 78 117  78 117 117  78  78  78  78 117]
279	[5928 3432 5928 3432 8151 3432 8151 5928 8151 8151]
280	[858 858 858 429 429 390 858 429 429 390]
281	[22230 22230 66690  7020  7020 14820 26676 14820 22230 33345]
282	[ 7722 16302 13338 24453 24453  7722 13338 13338 16302 13338]
283	[117 117  78  78  78 117  78  78  78 117]
284	[117 117 117 117  78  78  78  78  78  78]
285	[351 117 117 156 156 156 156 156 156 156]
286	[507 507 195 195 507 195 507 195 195 507]
287	[663 390 390 390 390 390 390 663 663 663]
288	[10647  8190 17745 10647  7605  7605 17745 17745  8190 53235]
289	[25935 25935  7410  7410 25935  2730 25935 25935 10374 10374]
290	[117 117  78 117  78 117 117 117 117 117]
291	[117 117  78  78 117  78  78  78  78 117]
292	[ 1872  1872 14040  4680  1755  9360  3120  1755  7020 14040]
293	[ 78 117 117  78  78  78 117 117  78  78]
294	[ 3432  8151  5928 32604  3432  5928  5928  8151 32604  5928]
295	[ 78 117  78 117  78 117  78  78  78  78]
296	[27846 13104 31824 13923 31824 74256 55692 27846 27846 31824]
297	[117 117  78 117 117  78  78 117  78  78]
298	[585  78  78  78  78  78 585  78  78  78]
299	[546 546 546 195 390 195 195 273 273 390]
300	[234 195 195 234 195 195 195 195 195 234]
301	[12168  4680  7605 20280  4680 10140  4680 20280 12168  4680]
302	[117  78 117 117  78 117  78  78  78 117]
303	[1638 2730 8190 2730 4095 1638 1638 1755 1638 8190]
304	[156 156 273 273 156 273 273 273 273 156]
305	[24570 27846 27846 23205 29835 24570 23205 29835 27846 27846]
306	[10374 11856  5187 11856  5187 10374 11856 11856 10374  4368]
307	[117 117 117  78  78  78  78  78 117  78]
308	[1560  585  585  585  585  312  585  312  312  585]
309	[390 507 390 507 390 507 507 507 390 507]
310	[ 78 117  78  78 117 117 117  78 117  78]
311	[ 78  78  78  78  78  78 117 117 117 117]
312	[ 741  741  468 1482 1482 1482  741  741  741  741]
313	[117 117  78 117  78  78 117  78  78 117]
314	[ 78 117 117  78  78  78 117 117 117 117]
315	[ 78  78  78  78 117  78 117 117  78 117]
316	[ 78  78  78 117  78  78 117 117  78 117]
317	[390 390 663 663 390 390 663 390 390 390]
318	[ 78  78  78  78  78  78 117 117 117 117]
319	[10920 10920 19656 10920 12285  7020 32760 12285 12285 12285]
320	[2964 2223 2964 1404 2964 2964 2223 2964 2964 1404]
321	[2184 2184 2184 2184 1365 2184 2184 1365 1365 3120]
322	[ 312  312  312  624  702  702  351 2808 2808  312]
323	[ 78  78 117  78 117 117 117  78  78 117]
324	[63882 31941 21294 17745 24570 24570 17745 24570 21294 45630]
325	[24570 54054 38610 54054 54054 45045 24570 54054 30030 45045]
326	[ 4563  3510  3510  4563  3510  2535  3510  3510 22815  2535]
327	[ 312  585  585  312  585  585 1560  585  312 1560]
328	[ 702  702  702 1092 2457  702 2457 1092 2457  702]
329	[ 858 7722 1716 3861 1404 7722 1404 1404  858 1716]
330	[1092 1092 2340 1092 8190 8190 1092 8190 8190 1365]
331	[1716 1716 6435 6435 2145 2340 2145 5148 4290 4290]
332	[ 78 117  78  78 117 117  78 117 117 117]
333	[4446 1638 5187 1638 1638 5187 5187 4446 5187 5187]
334	[117  78 117  78 117  78  78  78  78 117]
335	[117  78 117  78  78  78  78 117 117  78]
336	[1989 3315 1989 3315 1170 3315 1989 1989 9945 9945]
337	[117 117  78  78 117  78 117  78  78  78]
338	[ 741 2964  741  741  468 2964  741  468 2964 2964]
339	[18252 30420 45630 10140  7605 30420  7020 15210  7605 30420]
340	[4641 2730 6630 2730 2730 4641 4641 2730 4641 6630]
341	[ 78  78  78 117  78 117  78 117 117  78]
342	[ 78 507 507 507  78 507 507  78  78 507]
343	[117 117 117  78 117  78  78  78  78  78]
344	[2535  585 2535  507  507  507  507  585  507  507]
345	[ 41496 124488  53352  39312  53352 124488  46683 124488  39312  53352]
346	[ 3978 12597  4446 12597 12597 12597  4446 12597  3978  4446]
347	[117  78  78 117  78 117 117  78  78  78]
348	[ 78 117  78 117  78  78 117  78  78 117]
349	[ 702  858  429 3861  858  858 3861  429  429  702]
350	[585 351 195 585 351 585 585 585 195 195]
351	[1170 1170 9945 1170 1326 9945 1326 1170 9945 1170]
352	[4056 2808 4563 2028 2028 2808 2028 4563 2808 2808]
353	[ 6084  6084  7956  7956 17238  6084  6084  6084  7956  8619]
354	[ 7020 16380 16380 16380 19656  5460 19656  9828  9828 12285]
355	[ 78 117 117 117  78 117  78  78  78  78]
356	[117 117  78  78 117 117 117  78  78  78]
357	[1170 1365 1170 1638 1170 1365 1365 1170 1638 1170]
358	[117  78 117  78  78  78  78  78  78 117]
359	[24024 28392 44616 28392 24024 24024 28392 28392 44616 39039]
360	[546 273  78 273 273  78 546 546  78 546]
361	[5616 1755 2340 1755 3510 2340 3120 4680 5616 2340]
362	[10374  2730  2730  3705  3705  2730 10374 10374  2730  3705]
363	[312 312 351 312 312 312 351 351 351 312]
364	[46683 19656 46683 20748 46683 46683 20748 19656 26676 46683]
365	[28899 13338  9126 19266 19266 28899 57798 13338 13338 28899]
366	[351  78 351 351  78 351 351  78  78 351]
367	[6435 1170 6435 1170 4290 4290 2574 4290 2574 2574]
368	[65520 21840 65520 39312 12285 98280 14040 39312 12285 39312]
369	[624 624 624 624 624 624 624 624 507 624]
370	[1521 1521 3549 3549 3549 1638 1638 3549 3549 1521]
371	[37128  6552 15912 55692 55692 13923  6552  6552  6552 55692]
372	[195 195 429 429 429 195 429 195 429 195]
373	[585 312 312 585 312 312 585 585 585 585]
374	[1326  312 1326  663  312 1326  663 1326  312 1326]
375	[41769 18564 55692 47736 19656 37128 27846 55692 25704 25704]
376	[ 507 1014  507  390  507  390  390  507  390  390]
377	[ 78  78  78 117  78  78  78 117  78  78]
378	[195 156 195 156 156 156 195 195 195 156]
379	[390 351 351 351 234 390 351 234 234 234]
380	[ 3705  3705  1560  1560 14820  5928  1560  5928  1560 14820]
381	[195 195 195 117 195 117 117 117 117 195]
382	[25194 12597 12597  2652  2652 25194  2652  2964  2652 12597]
383	[ 78  78  78 117 117  78 117  78  78 117]
384	[1989 1404 1404 1404 1404 1404 2652 2652 1989 1989]
385	[429 429  78  78  78  78 429  78 429 429]
386	[156 156 156 117 117 156 156 156 156 117]
387	[8190 1638 1638 1365 1365 1365 1365 1170 8190 8190]
388	[507 312 507 507 312 507 507 312 312 507]
389	[ 585  312  585 2340 2340 2340  312 2340  585  312]
390	[ 78  78  78 585 585 585  78 585 585 585]
391	[17160 28080 30888 38610 30888 38610 19305 28080 28080 30888]
392	[117 117  78 117  78  78  78 117 117 117]
393	[ 78  78 117  78  78 117 117 117  78  78]
394	[ 7956  6084  7956  6084 34476  7956 34476  6084  8619  6084]
395	[1560  936  936 1755  936 1560  936  936  936 1755]
396	[390 741 741 741 390 741 741 390 390 741]
397	[390 390 195 195 234 195 195 390 234 195]
398	[117  78 117 117 117  78 117 117 117  78]
399	[117 117 195 195 117 117 195 117 195 195]
400	[ 780 2340 4680 3510 2808  936 3510 7020 1170 1755]
401	[117  78 117 117  78  78  78 117  78  78]
402	[312 195 312 312 195 195 312 312 195 195]
403	[ 78  78  78 117 117  78 117 117  78  78]
404	[429 741 429 741 429 429 429 429 429 429]
405	[6084 3549 3042 6084 6084 6084 3276 3549 3549 3276]
406	[117  78  78 117  78  78 117  78  78  78]
407	[117  78 117 117 117 117  78 117  78  78]
408	[ 3315  6630 19890  3315  3978  3510  5967  6630  6630  3978]
409	[117  78 117  78  78  78  78  78  78  78]
410	[ 78  78  78  78  78  78 117 117 117 117]
411	[234 507 234 234 234 234 507 234 507 234]
412	[ 78 117 117  78 117 117 117 117 117  78]
413	[ 7605 10140 40560 10140 12168  9360  7605 30420 40560  7605]
414	[273 117 273 273 117 117 117 273 117 273]
415	[ 9360 13260  9945  9945  9945 39780 39780 15912 39780 39780]
416	[351 351 351 351 351 741 741 351 741 351]
417	[117 117 117 117  78  78  78  78  78  78]
418	[117 117 117 117  78  78  78  78  78  78]
419	[195 195 741 741 195 741 741 195 741 741]
420	[117  78  78  78 117 117 117 117  78 117]
421	[117  78  78  78  78  78 117 117 117  78]
422	[117 117  78 117  78  78  78 117  78 117]
423	[117  78 117  78  78  78 117 117  78  78]
424	[ 78  78 117  78  78  78  78  78 117 117]
425	[ 33345  14040  33345  14040  14820  53352 133380  14820  53352  33345]
426	[117 117 117 117  78  78 117 117  78  78]
427	[ 78  78 117  78 117 117  78 117  78  78]
428	[195 195 195 312 312 195 195 195 195 312]
429	[ 78  78  78 117 117 117 117  78  78  78]
430	[20748 10374  6552 10374  6552 20748 15561  6552 10374 17784]
431	[312 312 156 351 156 156 156 312 312 351]
432	[195 195 624 624 195 624 195 195 624 624]
433	[1170 1170 1521 2535 2535 1521 1014 1014 1014 1170]
434	[15210 10140 60840 36504 36504 36504 22815 20280 14040 18252]
435	[ 78  78  78  78  78 117 117 117 117  78]
436	[546 117 819 117 819 117 117 546 117 117]
437	[ 390 2535 2535 1014 2535 1014  390  390 2535 1014]
438	[ 585  585 3120  585 1872 1872  585 1872 1872  585]
439	[ 78  78 117  78 117 117  78  78 117  78]
440	[ 65637  65637  61776  95472  65637 116688 116688 116688  65637  95472]
441	[ 7020  7020  4290  5148  7722  5148  5148  7020 19305  7722]
442	[117 429 429 429 117 429 117 429 429 429]
443	[117 117  78 117  78  78  78  78  78  78]
444	[1989 1989 1872 1872 2652 2652 1989 2652 1872 1989]
445	[31941 19656 19656 36504 14196 36504 19656 31941 19656 14196]
446	[ 78  78  78  78 117 117  78 117 117  78]
447	[ 24024  30888  27027 108108  27027  30888 108108  24024  27027  19656]
448	[ 4095  6552  4368 13104 10920 10920  4368  9360 13104  4368]
449	[ 78  78 117  78  78 117 117  78  78 117]
450	[2184  819 3276 2184  936 3276 3276 4368 2184  936]
451	[390 390 585 390 390 234 390 234 585 234]
452	[ 78  78 117  78 117 117  78  78 117  78]
453	[ 78 117  78 117 117  78 117  78  78  78]
454	[117  78  78 117 117  78 117 117 117 117]
455	[ 234  234 1638  273 1638 1638  234  273  234 1638]
456	[ 78  78  78 117  78  78  78 117  78 117]
457	[429 234 429 429 429 234 429 234 429 429]
458	[ 78 117 117  78  78 117  78  78 117 117]
459	[ 78  78 195  78  78  78 195 195  78  78]
460	[4914 3276 2457 1092 2808 3276 4914 4914 1092 4914]
461	[ 78  78 117 117 117  78  78 117 117 117]
462	[37791 26676 23868 25194 75582 26676 26676 25194 37791 26676]
463	[351 351 195 195 195 195 117 117 351 117]
464	[390 390 195 390  78  78 390 390 390 195]
465	[663 663  78 663  78  78 663  78 663  78]
466	[2223 7410 7410 7410 2223 1170 4446 1170 2223 1170]
467	[117 117 117 117 117  78 117 117 117  78]
468	[ 390  546 1365  546  546 1365  390 1365  546 1365]
469	[ 9945  9945 13260  7956  7020  9945  7020  7956 13260  7956]
470	[117 117 117  78 117  78  78 117 117 117]
471	[ 78 117 117  78  78  78 117  78 117  78]
472	[ 6669  4563  9633  6669  6669 28899 28899  4563 28899 28899]
473	[ 78 741 741 741 741 741 741  78  78 741]
474	[ 78 117 117  78  78 117  78 117 117 117]
475	[117  78 117  78  78  78 117 117 117  78]
476	[4641 1365 3315 3315 4641 3315 4641 3315 1365 1365]
477	[16380 90090 12870 45045 12870 90090 12012 45045 12012 45045]
478	[117 117 117 117 117 117 117  78  78  78]
479	[10920  4095 10920  4680 10920 10920  6552  4095  6552  6552]
480	[312 117 117 156 156 312 312 156 117 117]
481	[117 117 117  78  78 117 117 117  78 117]
482	[780 195 780 468 468 195 468 195 468 195]
483	[10374 67431 19266  7098 10374 67431 10374 67431 10374  9633]
484	[1755 1365 2457 2457 1365 1365 2457 4095 1365 1755]
485	[20280  4680  5070  7605 15210  6084  6084 12168  4056  6084]
486	[585 195 156 156 585 585 585 585 156 156]
487	[117 156 117 117 117 156 156 156 156 156]
488	[117 117 117  78 117 117 117 117  78 117]
489	[117 117 117 156 156 117 156 156 156 156]
490	[741 585 741 741 585 741 585 741 741 741]
491	[351 546 351 546 546 351 351 546 546 351]
492	[17745 45630 24570 45630 21294 24570 63882 45630 35490 63882]
493	[ 78 117  78  78  78  78  78  78 117  78]
494	[741 741 741 741 741 741 507 507 741 741]
495	[ 585  312 2340  312 2340  780  585  780  585  585]
496	[156 273 156 156 156 156 156 156 273 273]
497	[429 429 546 546 546 546 546 429 429 546]
498	[117  78  78  78  78  78 117  78 117  78]
499	[ 624  624  429 3432 3432 1716 3432 3432 3432  624]
500	[ 78 117 117  78 117  78 117  78 117 117]
501	[117  78 234  78  78  78  78 234  78 234]
502	[117 117  78 117 117  78 117 117  78  78]
503	[39312 10920 12285 10920 10920 14040 12285 10920 12285 10920]
504	[1365 1170 1170 1092 1170 1170 1170 1092 1170 1365]
505	[ 273  273  312 2184 2184  312  273  273 2184  273]
506	[ 78 117  78 117 117 117 117 117  78 117]
507	[ 273  351 1638 1638  273  351  273  351 1638  351]
508	[ 4290  5460  6006  5460  4290 15015  5460 15015 15015  6006]
509	[ 429 3003  429  429  546  546  546  429 3003  429]
510	[117  78  78  78 117  78 117 117 117 117]
511	[31824  9945 31824 53040 26520 15912  9360  9360  9360 19890]
512	[3120 3120 1560 1560 3120 1755 1560 3120 5616 1755]
513	[ 78  78  78  78 117 117  78 117  78  78]
514	[117 117  78 117 117 117  78 117 117 117]
515	[ 78  78  78  78  78  78 117 117 117 117]
516	[4641 4641 2652 4641 4641 2652 2184 2184 4641 2184]
517	[ 78  78 117 117  78 117  78  78 117  78]
518	[5577 5577 5577 2028 5577 2028 1716 2028 1716 1716]
519	[14040  6552 10920 32760 32760  6552 10920 10920 10920 12285]
520	[117 195 117 195 195 117 195 117 117 195]
521	[1170  234  468  234  468  195  195  195 1170  234]
522	[1755 2145 1287 2145 2145 1287 2145 1755 1755 2145]
523	[ 702  741 6669  702  702 6669  702  741  702  741]
524	[2028 1092 3549 3549 3549 1092 3549 3549 2028 2028]
525	[ 60333  68952 120666  37128  60333  37128  28392  28392  60333  37128]
526	[273 234 234 234 273 234 273 234 234 273]
527	[663 156 663 156 156 156 663 156 663 156]
528	[ 78  78 117  78 117  78  78  78  78 117]
529	[ 78  78 117 117 117  78  78  78 117  78]
530	[ 15210  43095  51714  51714  15210  51714  43095  19890 129285  15210]
531	[195 624 624 624 624 195 624 624 624 195]
532	[1989  936 1989 1989 5304 1989  936  936 5304  936]
533	[4914 1404 4914  819 4914 1092 3276 1092 4914 1092]
534	[4095 6435 3003 4095 3003 4095 4095 6435 3003 6435]
535	[ 78 117  78 117 117  78 117 117  78 117]
536	[4563  702  702 4563 4563 4563 4563 4563  702 1014]
537	[3549  546  546 1014 3549  546  546  546 3549  546]
538	[3510 3510 3705 6669 3510 6669 7410 3510 3510 6669]
539	[14196 14196 16380 14196 14196 30420 53235 30420 15210 53235]
540	[ 6422  6084  8892  8892  8892 57798  6084  6084  9633  9633]
541	[ 6552  9009 10296  9009  9009  6552  6552 12012 12012 12012]
542	[22230 11856 11856  9360 11115  9360  9360 17784  9360 11856]
543	[117  78 117 117  78  78 117 117  78 117]
544	[ 78  78  78 117  78 117 117  78 117  78]
545	[117 117  78 117  78  78 117  78 117  78]
546	[11115 31122  8190 25935  8190 11115 25935 31122 11115 11115]
547	[702 702 273 702 273 273 273 273 546 702]
548	[624 624 702 351 624 624 624 351 702 702]
549	[5148 8580 8580 3432 3432 4680 8580 8580 6435 6435]
550	[117  78  78 117  78 117 117  78 117  78]
551	[351 351 351 351 741 741 351 741 351 351]
552	[156 585 156 585 156 156 585 585 585 585]
553	[ 78  78  78  78  78  78 117 117 117 117]
554	[ 78 117 117 117  78  78  78 117 117  78]
555	[7410 7410 4446 1170 2223 7410 4446 7410 1170 7410]
556	[33345 29640 22230 17784 22230 33345 14040 33345 22230 29640]
557	[ 4446  6669  4446  3510  4446  3705  3510  3705  3705 22230]
558	[29744 27885 44616 44616 44616 40560 40560 34320 34320 34320]
559	[8619 6084 6084 6084 6084 6084 7956 6084 7956 6084]
560	[117  78  78  78 117 117 117 117 117  78]
561	[ 78  78  78 117  78  78  78 117 117 117]
562	[3978 3978 7956 3978 1989 5304  936  936 1989 1989]
563	[507 741 741 507 741 741 741 507 741 507]
564	[ 8112  7605  9360 24336  7605  8112  8112  7605 24336  8112]
565	[ 78 117  78 117 117  78  78 117  78  78]
566	[24570 10920 13104 28080 21840 13104 39312 14040 12285 13104]
567	[1170 1170  546  546 1170 1170  546 4095 4095 1170]
568	[ 78  78 117 117  78  78 117 117  78  78]
569	[ 78  78 117 117 117  78  78  78 117  78]
570	[ 78 663 663 663  78  78  78  78  78 663]
571	[ 780  780  780 1404 1404 1404 1404 1755 3510 1404]
572	[507 702 507 702 507 702 507 702 507 702]
573	[66690 93366 46683 25935 24570 33345 24570 46683 93366 25935]
574	[117  78 117  78  78 117  78  78 117  78]
575	[117 117  78 117  78 117 117 117  78  78]
576	[ 819 2184  819  546 2184  936  819  819  936  936]
577	[117 117  78 117 117  78  78  78  78  78]
578	[40755 16302 16302 14820  8580 14820 14820  8580  8580 14820]
579	[ 78  78  78 117 117 117 117  78  78  78]
580	[1365 3276 1365 3276 2340 1092 2340 1365 2340 3276]
581	[117 117 117 117  78  78  78  78  78  78]
582	[429 429 273 273 273 429 273 273 429 429]
583	[ 78 117  78  78 117  78 117 117  78  78]
584	[1755 2808 4680 1755 2808 2808  780  936 1170  780]
585	[234 195 585 195 156 156 780 195 156 780]
586	[ 78  78 117  78 117  78  78  78  78 117]
587	[6435 6006 8190 8190 8190 8190 8190 8190 6435 8190]
588	[ 5616  2184 19656 19656  6552  3276  4368  4368  3276  2457]
589	[702 273 273 702 273 702 273 819 702 819]
590	[ 1872  1872 17784 11856 11856 17784 11856  1872  2223  2223]
591	[117 117  78  78  78 117  78  78 117 117]
592	[ 78 117  78  78 117  78  78  78 117 117]
593	[273 156 156 273 156 273 156 273 273 156]
594	[741 507 507 741 741 507 741 741 741 507]
595	[20790 19305 30030 24570 19305 18018 20790 24570 24570 30030]
596	[18252 18252  5070 18252  7605  5070 18252  7020  5070  7605]
597	[24570 22815 63882 63882 22815 24570 63882 35490 22815 63882]
598	[663 663 663 663 663 468 468 663 663 468]
599	[1287 3861 1755 1755 2145 1755 2145 2145 3861 1755]
600	[117 117  78 117  78  78  78  78  78 117]
601	[741 741 156 741 156 741 741 741 156 741]
602	[ 78  78  78 117 117  78  78 117 117 117]
603	[4641 4641 3315 3315 2730 4641 3315 4641 3315 3315]
604	[117 117  78  78  78  78 117  78 117 117]
605	[702 351 546 351 702 702 351 702 351 546]
606	[1092 6552  819 4368 4368 4368 6552  819 1872 6552]
607	[30030  6006  8190 30030 30030  8190 15015  6435 12870 30030]
608	[195 351 195 195 195 351 351 195 195 195]
609	[ 78  78 117  78 117  78  78 117 117  78]
610	[117 117 117 273 117 819 117 273 117 273]
611	[88920 14040 26676 33345 88920 33345 33345 26676 14820 14040]
612	[39780 15912 26520  9360  9945 53040 53040 53040 15912 53040]
613	[ 78  78  78  78  78  78 117 117 117 117]
614	[117 117 117 117 117  78 117 117  78  78]
615	[117 117 117 117  78  78  78 117 117 117]
616	[117  78  78 117  78  78 117  78 117 117]
617	[273 273 117 273 273 117 117 117 117 273]
618	[ 4680  5304 15912  9945 15912 15912  4680 15912  9945  5304]
619	[117 429 117 429 117 117 429 117 117 429]
620	[429 429 663 429 663 663 429 429 429 663]
621	[1755 1755  780 1755  780 1755  702 1755  780  702]
622	[16380 25740 16380 25740 15015 12012 25740 12012 16380 60060]
623	[50388 62985 13260 50388 62985 14820 13260 50388 14820 50388]
624	[663 663 312 312 312 312 663 312 663 663]
625	[ 78  78  78  78 117  78  78 117  78  78]
626	[585  78 117 234 117  78 585 117 234 585]
627	[ 78  78 117 117 117 117  78 117  78 117]
628	[13923  3276  3276  3276  3978  3276  3276  4641  3978  3276]
629	[1521 1014 1014 1521 1014 1014 1521  936  936  936]
630	[2457  546  546  702 1404  546 1404  546  702 1404]
631	[2457 1092 1092 1404 6552 2457 2457 2457 1092 1092]
632	[117 117 117  78 117 117  78 117  78 117]
633	[ 78  78 117  78 117  78  78 117  78 117]
634	[156 195 468 468 468 156 195 156 156 468]
635	[117 117 117 117  78 117 117 117  78 117]
636	[1755 1755  234 1755  234 1755 1755  390 1755  234]
637	[38610 61776 20592 77220 77220 17160 20592 38610 19305 28080]
638	[117 117 117 117 117  78  78  78 117  78]
639	[117 117  78  78 117 117  78  78  78  78]
640	[351 351 312 351 312 351 312 312 351 351]
641	[1092 1092 2964 1092 1092 5187 5187 5187 5187 2964]
642	[ 27846  18018  51051 102102  21879  18018  21879  18018  27846  27846]
643	[54054 30030 54054 90090 90090 45045 19305 19305 45045 24570]
644	[12597  2652  2964  2652 12597  2964  2652  2964  2964  2964]
645	[ 780 2730 1365 1560 1365  780 1092  780 2730 2184]
646	[195 546 195 546 546 195 195 546 195 195]
647	[21840 21840 39312 21840 39312 12285 28080 28080 28080 28080]
648	[117  78  78  78 117  78 117  78  78 117]
649	[8190 8190 2184 8190 4680 8190 8190 4680 4095 4095]
650	[ 507 1521 1014 1521  507 1014  702  702 1014 1014]
651	[585 624 585 780 624 780 585 585 780 624]
652	[ 3276  3978  9282  3276  3276  9282  9282  3276  3978 13923]
653	[2535 2340 2535 7605 7605 2340 7605 3042 2535 3042]
654	[39780  9945  4680  9945 13260  9945 13260  4680  7956  4680]
655	[ 78  78 117  78 117 117 117 117  78 117]
656	[156  78  78 117  78 117 156  78 156 156]
657	[ 702 5967  702 5967  663  702  663  702 5967  663]
658	[663 663 663 312 312 312 663 312 312 312]
659	[ 78  78  78 117  78 117  78 117  78 117]
660	[26676 46683 19656 41496 46683 46683 19656 19656 26676 19656]
661	[ 9009 57057 15561  9009 24453 15561 24453  9009  9009  9009]
662	[1326 1326 1326  312  663  663 1326  663  312  312]
663	[ 78 351 351 351  78  78 351 351  78  78]
664	[1872 1872 6084 6084 1521 1872 1872 1521 8112 8112]
665	[1404 1092 1404 1092 2457 1638 2457 1092 1092 9828]
666	[16731 16731 50193 18252 50193 66924 22308 15444 18252 22308]
667	[504 468 468 504 819 546 936 468 819 936]
668	[ 7020  6084  7020  5070  7020  9126 22815 22815  6084 22815]
669	[ 78  78  78  78  78  78 117 117 117 117]
670	[ 78 117  78  78 117  78 117 117  78  78]
671	[ 6435 25740 17160  6435 17160 10296 17160  9360 17160 25740]
672	[ 78 117  78  78 117  78  78  78 117 117]
673	[117 117 117  78 117  78  78  78  78  78]
674	[3276 1638 3276 2184 3276 2457 2457 3276 3276 2808]
675	[117  78 117  78  78 117 117 117  78  78]
676	[ 819 1365 1755 1755  819 1365 1755  819  819 1755]
677	[273 351 273 819 273 351 351 351 351 273]
678	[546 585 585 585 819 585 585 585 585 819]
679	[ 936 2652  936 1989 1989  936  936 1989 1989 1989]
680	[ 78  78 117  78  78  78  78  78 117 117]
681	[1326 1326 1326 1326 1989 1170 1989 1326 1170 1326]
682	[ 9945 46410  9282  9945  9282 46410 46410 46410  9282  8190]
683	[6552 4095 4368 4680 4680 6552 4680 4680 5460 4368]
684	[36504 40560 22815 36504 22815 40560 28080 28080 36504 22815]
685	[585 234 234 234  78 585  78 234 234 585]
686	[1365  390 1365 1092 1092 1092 1365 1092 1365 1092]
687	[ 78 117  78  78 117 117  78 117  78 117]
688	[ 7020 33345 44460  7020 13338 44460  7410  7020  7020 44460]
689	[ 273  273  234  234 1092  273  234  234  234  234]
690	[429 429 429 312 312 312 312 312 429 312]
691	[273 273 663 663 273 273 273 273 663 273]
692	[19890  6630  6630  4680 19890  4680 15912  6630  9945 15912]
693	[585 312 585 585 585 585 585 585 312 312]
694	[117  78  78 117  78 117 117  78 117 117]
695	[14820 29640 14820  5928  5928 14820  3705  5928  3120  3120]
696	[ 585 1170 3120  780  780 1170  585 1170  585  936]
697	[663 585 663 663 585 585 663 663 663 585]
698	[3276 1638 1365 8190 2340 1638 3276 8190 1092 4095]
699	[ 78  78 117 117  78  78 117 117  78  78]
700	[12285  6552 12285  7020 12285 10920 19656 14040 49140 16380]
701	[1755  702 1755  351  702  351  390  351  702 1755]
702	[507 195 195 507 507 507 507 507 195 195]
703	[ 78 117 117  78 117 117  78  78 117  78]
704	[390 390 390 741 390 390 390 741 390 390]
705	[ 78  78 117 117  78  78  78 117  78 117]
706	[1989 1989 7293 1287 7293 1287 1287 1989 1989 7293]
707	[ 468 4446 2223 2964 4446  468 2223  468 2223 2223]
708	[ 6630 19890  6630  3510  6630  3510 19890  3510  5967 19890]
709	[ 9633  9633 12597  8619 12597  9633  9633 12597  8619  8619]
710	[ 78 117  78  78  78  78 117 117  78 117]
711	[3315 3315  390 1326 3315 3315 3315 1326  390 1326]
712	[117 117  78 117  78  78 117 117 117  78]
713	[117  78  78  78  78 117  78  78 117 117]
714	[ 429  429  702 3861  702 1287 3861 3861  429  429]
715	[546 546 117 117 546 117 546 117 117 546]
716	[3042 4056 4563 3042 2808 4563 4056 4563 4563 2808]
717	[507 507 234 507 507 234 507 234 507 234]
718	[117 117 117 117  78  78  78  78  78  78]
719	[2145  390 2145  390  858  390  858  858 2145  390]
720	[ 78  78 117  78 117  78  78  78 117 117]
721	[ 78 117 117  78  78 117  78  78  78  78]
722	[ 5967 29835 19890 19890  3510  6630  5967 19890 29835 19890]
723	[4914 6552 4914 2457 1092 2457 1404 6552 1404 6552]
724	[ 78 117 117  78  78  78  78  78 117 117]
725	[546 117 234 234 819 546 819 819 546 819]
726	[117 117  78  78  78  78  78 117  78 117]
727	[117  78 117 117 117 117 117  78 117  78]
728	[ 429 1287 1287 1287  429  429  429  429  351  351]
729	[27027 61776 48048 61776 39312 48048 48048 48048 39312 61776]
730	[117 234 234 117 546 546 546 546 117 546]
731	[195 117 195 195 195 195 195 117 117 195]
732	[ 78  78 117  78  78 117  78 117  78 117]
733	[ 78  78  78 117 117 117 117  78  78 117]
734	[19266  9633  5928  9633 19266 19266  5928 19266  4056  5928]
735	[ 3120  1755  2808  1755  1560  3120  1560 14040  3120  1560]
736	[117  78 117 117 117  78 117  78 117 117]
737	[ 78  78 117  78  78 117  78  78 117  78]
738	[ 741  546  546  741  741 5187  741  741  546 5187]
739	[1404  702  390  702  585  702  390  390  702 2340]
740	[ 936 4056 1014 1014 1521 1521 1014 1521 1521 1521]
741	[ 78  78  78 117  78 117  78  78  78  78]
742	[18252 18252 57798 86697 18252 57798 18252 18252 19266 26676]
743	[663 195 663 663 195 663 663 663 195 663]
744	[5967 4641 5967 5967 4641 5967 2457 5967 5967 2457]
745	[312 351 312 351 312 351 312 312 351 351]
746	[1170  195  195  234  195  234 1170 1170 1170  234]
747	[31941 39312 28392 31941 42588 31941 28392 28392 36504 31941]
748	[13104  2457  4368  2457  2808  2457  2808  4368  2457  2457]
749	[5616 5616 6864 5616 5616 3861 6864 5616 3861 5616]
750	[585 312 312 312 585 312 585 585 312 585]
751	[5148 5148 5148 6084 6084 5577 5148 6084 6084 5148]
752	[117 117 117 117  78  78  78  78  78  78]
753	[117  78 117  78  78 117 117  78 117  78]
754	[195 234 234 234 195 234 195 234 195 234]
755	[ 2535  9126 15210  3510  2535  3510  3510 15210 15210  3510]
756	[ 78 117 117  78 117 117  78 117 117  78]
757	[ 936  936  624 1872 1872  936 1872 1560  585  624]
758	[351 156 351 156 156 351 351 156 351 156]
759	[ 78  78 117 117  78 117  78  78  78  78]
760	[3978 3978 3315 2340 3315 2340 3315 2340 3315 2340]
761	[ 78  78  78 117  78 117  78 117 117  78]
762	[5967 1755 9945 5967 5967 5967 3315 1755 5967 5967]
763	[ 663 1326  390 1326  390  663  663  663  390  663]
764	[312 312 936 312 312 312 585 585 585 312]
765	[18018  3276  9009 18018 12012  2574  9009 18018  9009 18018]
766	[ 78  78 117  78  78  78  78 117  78  78]
767	[ 78  78 117  78 117 117 117 117 117 117]
768	[40755 24453 33345 33345 73359 19305 73359 24453 33345 24453]
769	[663 663  78 663  78  78  78  78 663 663]
770	[2808 1755 1560 1404 2808 1560 4680 2808 4680 4680]
771	[117 117 117 117 117  78  78 117  78 117]
772	[429 429  78 429 429  78 429  78 429  78]
773	[117 117 117  78  78  78 117  78 117  78]
774	[1872 1872 2223 1872 4446 4446 2223 2964 4446 2964]
775	[117 117 117 117  78  78  78  78  78  78]
776	[22815 18252 20280 14040 60840 22815 14040 60840 20280 20280]
777	[ 78 117  78 117  78  78 117 117 117  78]
778	[2028 1404 2028 4563 4563 1404 4563 1404 4563 1404]
779	[ 78 117 117  78  78 117  78 117  78  78]
780	[ 78 117  78  78  78 117 117  78  78 117]
781	[ 78 117 117  78 117  78  78  78 117 117]
782	[13923 15912 15912  6552 18564 15912 15912 15912  6552 15912]
783	[1287  702 1287 1287 2574 1287 2574 2574  702  429]
784	[8112 2535 8112 3120 2535 2535 3120 2535 3120 2535]
785	[3120 1755 5616 3120 5616 1755 3120 2340 5616 3120]
786	[103428 103428  25857  68952  17238  12168  25857  17238  15912  15912]
787	[585 585 585 156 585 585 585 585 156 585]
788	[ 351  273 1638  351 1638  351  273 1638  273  351]
789	[2808 2808 1560 7020 1560 1560 1560 2340 1755 7020]
790	[ 78  78 117 117 117  78  78  78  78  78]
791	[117  78 117  78  78 117  78 117  78  78]
792	[11115  4680 11115 17784 22230 44460 17784  4680 14820  4680]
793	[195 195 195 195 273 195 195 195 273 273]
794	[13338 13338  9828 46683 13338  9828  9828 13338 46683 10374]
795	[195 195 156 195 156 195 156 156 156 156]
796	[117 117  78  78 117  78 117 117 117 117]
797	[3510 2535 2535 7605 7605 7605 5070 7605 7605 3042]
798	[117  78 117  78 117  78  78  78 117 117]
799	[ 78  78  78  78 117 117  78 117  78  78]
800	[117  78  78  78  78 117 117 117  78 117]
801	[15015 25740 15015 12012 15015 16380 12012 12012 12012 45045]
802	[ 3315 11934  3510 11934  9945  3315  9945 11934  3510  3315]
803	[126 117 126 234 234 273 117 234 117 273]
804	[ 78 117  78  78 117  78  78 117 117  78]
805	[ 78  78 117  78 117 117 117  78 117  78]
806	[117 117 117 117  78 117 117  78 117 117]
807	[117 117 117 117  78  78  78  78  78  78]
808	[39312 24570 10920 24570 49140 12285 98280 39312 14040 32760]
809	[ 2340 11115  2340 11115  2340  7410  4446  2340  2340  7410]
810	[ 8580 40755 40755 16302  8580 40755  8580 16302 14820 32604]
811	[624 195 195 624 624 624 195 195 624 195]
812	[ 95472 103428  68952  77571  77571  73008  68952  77571  95472  68952]
813	[19305 28080 38610 34320 38610 34320 38610 34320 20592 34320]
814	[ 702 1638  819  546  546  546 1638  546 1638  702]
815	[1014 3042 4563  702 4563 3042 1014  702  702  702]
816	[19656 30888 12012 36036 72072 72072 15444 19656 54054 27027]
817	[1170 1365 5460 1170 1092 5460 1365 1170 1170 1170]
818	[390 936 585 390 390 936 936 936 390 585]
819	[273 273 624 624 624 273 624 273 624 624]
820	[ 234  273  234  273  273  234 1638 1638  234 1638]
821	[ 5616  6669  5616  5928 26676 26676  5928  6669  6669  5928]
822	[23868 18564 83538 19656 41769 41769 23868 18564 19656 18564]
823	[2808 2808 1755 2808 2808 2808 2808 1755 3120 3120]
824	[ 4641  4914  4641 27846 11934  4641 27846 11934  4914 27846]
825	[9282 2730 6630 2730 6630 6630 2730 4641 2730 2730]
826	[5928 6669 8892 8892 2808 2808 6669 2808 8892 2964]
827	[195  78 195 195  78  78 195  78  78  78]
828	[2535  780 2535 5070 2028 5070 5070 2028 5070  780]
829	[ 78 117 117 117 117 117  78  78  78  78]
830	[47736 11934  5304  7956  5616  5967  5967 10608 10608 10608]
831	[ 5187  6669  6669  5187 13338  6669  6669 13338  4914  5187]
832	[4095 2340 2340 1092 1092 1365 1365 1092 4095 1365]
833	[ 78 117  78 117  78 117 117  78 117 117]
834	[ 78  78 117  78  78  78  78 117 117 117]
835	[ 4680  8190  4368  4680  4368 32760  4095 16380 32760 32760]
836	[ 78 117 117 117  78  78 117  78  78  78]
837	[2574 3003 6006 6006 6006 2574 6006 3003 3003 1638]
838	[ 78 117  78  78  78  78  78  78 117  78]
839	[ 78  78 117  78 117  78  78 117  78 117]
840	[ 78  78 117 117  78  78 117  78 117 117]
841	[2574 2145 1287 2574 1170 6435  858 1287 2145  858]
842	[195 234 195 234 234 195 195 234 234 195]
843	[3276  546  702 3276  546  702  819  702  546  819]
844	[429 429 429 312 429 312 429 312 429 312]
845	[195 195 195 624 195 624 195 624 195 624]
846	[4368 4095 4368 4680 4095 4680 6552 4095 4368 6552]
847	[117  78  78  78  78  78  78 117  78  78]
848	[3432 3432 3432 4680 6435 4680 6435 3432 6435 6435]
849	[2574 8151 4446 4446 2574 4446 2574 2574 8151 8151]
850	[ 741 2964  468 1482  468  468 1482  741 1482  468]
851	[ 78  78 117 117  78 117  78 117 117 117]
852	[ 78 117 117  78  78 117  78  78  78  78]
853	[1482 3705  390 3705 3705  390 1482 3705 1482 3705]
854	[ 78 117 390 390 390 117 117 390  78 117]
855	[ 312  312  312  312 2028  507  507  312 2028  312]
856	[1755 1404  780  780  780 1404 1755 1404  780  780]
857	[ 78 117 117 117 117 117 117 117  78  78]
858	[ 273  273 1365 1365  585  273  585 1365  585 1365]
859	[ 78  78  78  78 117  78 117 117  78 117]
860	[1989 1755 1755 1755 3315 1989 3315 1755 3315 3315]
861	[195 195 195 546 546 195 195 195 546 546]
862	[ 9828 13338  9828 13338 20748 15561 20748 15561 15561 15561]
863	[117  78  78 117  78  78 117  78  78 117]
864	[ 780  468  468  468  702 3510 1755 1404  585  468]
865	[15561 10374 15561 10374 15561  3276  4446 10374 15561 15561]
866	[585 663 585 585 663 663 663 585 585 585]
867	[ 78 117  78  78  78  78  78  78  78  78]
868	[1365 1638 1365 1638 1638 1638 1638 1638 3510 1638]
869	[ 78 117 117  78 117  78 117  78  78 117]
870	[ 78  78 117  78 117 117  78  78  78 117]
871	[133380  66690  28080  33345  35568  29640  66690 133380 133380 133380]
872	[ 9945 39780 23868  6630 29835 59670 13260 19890 59670  7020]
873	[1755 2223 3705 1755 1755 1755 3705 1755 3705 2223]
874	[ 78  78  78 117  78  78 117 117  78 117]
875	[ 858  468  858  468  858  858 1287  858  858  858]
876	[ 78  78  78  78  78  78 117 117 117 117]
877	[117 117 117  78  78  78 117  78  78 117]
878	[ 7956  4641  3276 13923 13923  3276  7956  4641  4641  4641]
879	[45045 24570 30030 38610 19305 30030 38610 45045 18018 15015]
880	[ 78 117  78  78 117  78  78  78  78  78]
881	[9828 9828 9828 7722 9009 6006 7722 9009 7722 9828]
882	[12597  8619  9633  9633  8619 12597 12597  9633  9633 12597]
883	[117  78  78 117 117 117  78  78 117 117]
884	[351  78  78  78 351 351 351 351 351 351]
885	[2340 1170 1170 1170  312  585  585  585 1170 2340]
886	[1560 1755 3120 1872 1872 1755 1872 1755 1755 1560]
887	[663 351 351 663 663 351 351 351 351 351]
888	[ 78  78 117  78 117 117  78 117  78  78]
889	[117 117 117 117  78  78  78  78  78  78]
890	[100386  91260  83655  91260 100386  83655  91260  77220  55770  55770]
891	[117 117  78 117 117 117 117  78  78  78]
892	[ 3510  1755  1755 12285  1365  1365  2730  1755  4914  3510]
893	[38610 15015 45045 15015 27027 27027 24570 27027 38610 45045]
894	[ 936  936  819  819 1092  936  936 1092  936 1092]
895	[18018  6006  7722  7722  4914  3861  7722  7722  4914 18018]
896	[ 2223  1482  2223 13338  1404 13338  1482  1482  2223  1404]
897	[117  78  78  78 117  78 117  78 117  78]
898	[2457  702 1092 1092 2457  702 2457 2457 1092  702]
899	[4563 1404 1404 1404 1014 1404 1404 1521 1521 1521]
900	[ 9828  5460 24570  4095  4914  4914  3510  9828 12285  7020]
901	[312 273 273 273 312 273 312 273 312 273]
902	[1521 4056 3042 1872 1872 4056 3042 3042 4056 2028]
903	[741 585 741 741 585 741 585 741 585 585]
904	[351 351 195 351 195 351 585 195 195 195]
905	[117  78 117  78 117 117  78  78  78 117]
906	[ 585  468  390  468  390 1404  780  780  780  780]
907	[2808 2808  780 1755 1755 1755 1755 1755  780  780]
908	[273 351 351 351 273 351 273 351 273 273]
909	[117  78 117 117 117 117  78 117  78 117]
910	[3510 4914 1755 3510 1365 2730 3510 8190 1365 4095]
911	[156 156 156 156 156 117 117 117 117 156]
912	[ 4368  1365 10920  4368  1365  1560 10920 10920  1680 10920]
913	[7020 1560 1755 2808 5616 2808 3120 7020 7020 2808]
914	[17745 20280 21840 20280 21840 70980 17745 21840 56784 20280]
915	[117  78  78 117  78 117 117 117 117  78]
916	[663 663 663 663 663 312 663 312 663 312]
917	[ 78  78  78  78  78  78 117 117 117 117]
918	[273 546 312 546 312 312 273 312 312 273]
919	[780 585 936 936 585 780 585 585 780 585]
920	[ 78 117  78 117 117  78 117 117  78 117]
921	[ 234  663  663  234  234 1989  663  663 1989 1989]
922	[312 468 468 117 468 312 312 312 468 117]
923	[ 312  507  507 1014  312 1014  507  507  507  312]
924	[117  78 117 117  78 117  78  78  78 117]
925	[ 1872  2652  2652 10608 10608  1989  1872  1872 10608 10608]
926	[ 8190 69615 69615  8190  9282  8190  9282 19890 69615 69615]
927	[117 117 117  78  78  78  78  78 117  78]
928	[ 6435  6864  6435  9360  6435 51480 12870  8580 10296 10296]
929	[156 585 585 156 156 156 156 156 156 585]
930	[117 117  78 117  78  78  78  78 117  78]
931	[1716 1287 1287 1287 1716 1716 1716 1872 1287 1716]
932	[4914 4914 1365 1755 4914 1365 1755 1755 1755 1755]
933	[ 78  78  78 117  78  78 117  78 117  78]
934	[ 78 117  78 117  78  78 117  78 117 117]
935	[117  78 117 117 117  78  78  78  78  78]
936	[ 585 1638 1638 2730  585 1638 2730  585 1638 2730]
937	[117  78 117  78 117  78  78  78  78 117]
938	[4056 4563 4056 2808 4563 4563 2808 4056 2808 4563]
939	[3705  585 3705 3705  585  741  585  741  741  585]
940	[429 429 429 117 117 117 117 429 117 117]
941	[117  78 117  78 117 117 117 117 117  78]
942	[117 117  78  78 117 117  78  78 117 117]
943	[1755 1404 1404 1755 3510 3510 1755 1560 3510 3510]
944	[ 3276  4680 10920  4095  4680 10920  4095  4680 10920  3276]
945	[5616 4680 5616 1872 1872 1872 1560 5616 1872 1755]
946	[ 78 117  78  78 117  78 117 117  78  78]
947	[117  78 117 117  78 117  78  78  78  78]
948	[ 702  702  546  546 2457  546  546  546 2457  702]
949	[663 351 663 663 351 351 663 663 663 351]
950	[ 78  78  78 117 117 117 117  78  78  78]
951	[23868 23868 23868  9828 23868  9282 23868 13923 13923  9828]
952	[ 78  78  78 117  78  78  78  78  78  78]
953	[ 546  273 1092  546  273 1092  156 1092  156  273]
954	[2028 5577 1716 2028 1716 2028 5577 2028 2028 5577]
955	[10920  9828  9828  9828 12285 49140  9828 10920  8190 14040]
956	[741 741 741 663 663 663 741 663 663 663]
957	[ 78  78 507  78 507  78 507  78 507 507]
958	[ 3705  3705  3120  3705  3705 11856  3705 11856 14820  3120]
959	[585 585 273 273 273 585 585 585 273 273]
960	[156 312 156 117 117 117 312 117 117 312]
961	[117  78  78 117 117  78  78  78 117  78]
962	[ 7956  7956  2808  5967  5304  5304  5967 11934  2808 11934]
963	[117  78 117  78 117  78  78  78  78 117]
964	[3510 1638 3510 1638 2457 1365 3510 1365 2457 2457]
965	[ 78  78  78  78  78  78 117 117 117 117]
966	[ 468 2964  468  741 2964  741 2964  741  741  468]
967	[117 117 117 117  78  78  78  78  78  78]
968	[156 156 156 195 156 156 156 195 156 195]
969	[1560 1560 9360 1755 1755 9360 5616 1755 9360 9360]
970	[273 273 273 273 273 117 117 117 117 117]
971	[ 858 1287 5148 1287  858  858 5148  858  936 1287]
972	[1989 3315 9945 3315 9945 3978 3315 3315 6630 1170]
973	[117  78  78  78 117 117 117  78  78  78]
974	[273 273 273 390 195 273 195 195 273 195]
975	[ 18252  19266  26676  19266  18252  19266  19266 115596  26676  86697]
976	[1521 9126 1521 1404 6084 2028 2028 2028 1521 1404]
977	[117 117 117 117 117  78 117 117 117 117]
978	[ 78 117  78 117  78 117  78 117  78  78]
979	[ 624 1560  624  585  585  624  585 1170  585 1170]
980	[ 702 1092 2457 1092  702 1092 1092 1092 1092 1092]
981	[195 273 195 273 273 195 195 273 273 195]
982	[ 78 117 117 117 117 117  78  78 117  78]
983	[117 117  78 117 117 117 117 117 117  78]
984	[351 624 351 624 351 351 624 624 624 624]
985	[ 78 117  78 117  78 117 117 117 117  78]
986	[ 78  78  78 117 117  78 117  78  78 117]
987	[ 32760  45045  30030  32760 120120 120120  45045  25740  72072  45045]
988	[663 195 195 663 195 663 195 195 195 663]
989	[ 78 117  78  78 117  78 117  78  78 117]
990	[195 195 195 195 624 195 624 195 624 624]
991	[ 78 117 117 117 117 117 117  78  78  78]
992	[12597 10374 10374 10374  9282 10374  9282 12597  9282 12597]
993	[195 195 351 195 351 195 351 195 351 195]
994	[624 780 624 585 780 780 780 624 624 585]
995	[ 819  936 1092  819  819  936  819  819  936  936]
996	[273 273 117 117 273 117 117 273 117 117]
997	[15444  4290 12870 15444  7020  7020 19305 38610 25740  7722]
998	[ 78  78 117  78  78  78 117 117  78  78]
999	[ 819 1365  819  819 4095 1365 1170 4095 1170 1170]
