1.549e-06	-45.75555056805033
1.549001e-06	-45.7028602647179
1.549002e-06	-45.65010305078598
1.549003e-06	-45.59727876687863
1.549004e-06	-45.54438725298165
1.549005e-06	-45.491428348439044
1.549006e-06	-45.43840189194963
1.549007e-06	-45.38530772156331
1.5490080000000001e-06	-45.33214567467752
1.5490090000000002e-06	-45.278915588033676
1.5490100000000002e-06	-45.22561729771347
1.5490110000000002e-06	-45.17225063913516
1.5490120000000002e-06	-45.11881544705002
1.5490130000000003e-06	-45.065311555538415
1.5490140000000003e-06	-45.011738798006235
1.5490150000000003e-06	-44.95809700718104
1.5490160000000003e-06	-44.90438601510828
1.5490170000000004e-06	-44.85060565314747
1.5490180000000004e-06	-44.79675575196833
1.5490190000000004e-06	-44.7428361415469
1.5490200000000005e-06	-44.688846651161725
1.5490210000000005e-06	-44.634787109389755
1.5490220000000005e-06	-44.580657344102555
1.5490230000000005e-06	-44.526457182462245
1.5490240000000006e-06	-44.47218645091746
1.5490250000000006e-06	-44.417844975199365
1.5490260000000006e-06	-44.36343258031759
1.5490270000000007e-06	-44.308949090556084
1.5490280000000007e-06	-44.25439432946901
1.5490290000000007e-06	-44.19976811987659
1.5490300000000007e-06	-44.14507028386096
1.5490310000000008e-06	-44.09030064276193
1.5490320000000008e-06	-44.035459017172734
1.5490330000000008e-06	-43.98054522693577
1.5490340000000008e-06	-43.925559091138275
1.5490350000000009e-06	-43.870500428108045
1.549036000000001e-06	-43.81536905540905
1.549037000000001e-06	-43.76016478983704
1.549038000000001e-06	-43.70488744741516
1.549039000000001e-06	-43.64953684338941
1.549040000000001e-06	-43.59411279222424
1.549041000000001e-06	-43.538615107598055
1.549042000000001e-06	-43.48304360239858
1.549043000000001e-06	-43.42739808871837
1.5490440000000011e-06	-43.371678377850166
1.5490450000000011e-06	-43.315884280282205
1.5490460000000012e-06	-43.26001560569371
1.5490470000000012e-06	-43.20407216294991
1.5490480000000012e-06	-43.148053760097625
1.5490490000000013e-06	-43.091960204360205
1.5490500000000013e-06	-43.035791302132935
1.5490510000000013e-06	-42.979546858978075
1.5490520000000013e-06	-42.92322667962005
1.5490530000000014e-06	-42.8668305679405
1.5490540000000014e-06	-42.81035832697333
1.5490550000000014e-06	-42.75380975889982
1.5490560000000015e-06	-42.697184665043594
1.5490570000000015e-06	-42.640482845865435
1.5490580000000015e-06	-42.583704100958386
1.5490590000000015e-06	-42.526848229042564
1.5490600000000016e-06	-42.469915027959935
1.5490610000000016e-06	-42.4129042946693
1.5490620000000016e-06	-42.35581582524092
1.5490630000000016e-06	-42.29864941485128
1.5490640000000017e-06	-42.241404857777866
1.5490650000000017e-06	-42.184081947393764
1.5490660000000017e-06	-42.12668047616235
1.5490670000000018e-06	-42.069200235631826
1.5490680000000018e-06	-42.01164101642975
1.5490690000000018e-06	-41.95400260825764
1.5490700000000018e-06	-41.89628479988546
1.5490710000000019e-06	-41.83848737914592
1.549072000000002e-06	-41.78061013292904
1.549073000000002e-06	-41.7226528471764
1.549074000000002e-06	-41.66461530687557
1.549075000000002e-06	-41.60649729605428
1.549076000000002e-06	-41.54829859777473
1.549077000000002e-06	-41.49001899412785
1.549078000000002e-06	-41.4316582662273
1.549079000000002e-06	-41.3732161942038
1.5490800000000021e-06	-41.31469255719903
1.5490810000000021e-06	-41.25608713335982
1.5490820000000022e-06	-41.19739969983207
1.5490830000000022e-06	-41.138630032754754
1.5490840000000022e-06	-41.07977790725381
1.5490850000000023e-06	-41.02084309743599
1.5490860000000023e-06	-40.96182537638284
1.5490870000000023e-06	-40.90272451614432
1.5490880000000023e-06	-40.84354028773263
1.5490890000000024e-06	-40.784272461115975
1.5490900000000024e-06	-40.72492080521215
1.5490910000000024e-06	-40.665485087882175
1.5490920000000024e-06	-40.60596507592395
1.5490930000000025e-06	-40.54636053506569
1.5490940000000025e-06	-40.486671229959505
1.5490950000000025e-06	-40.42689692417479
1.5490960000000026e-06	-40.36703738019169
1.5490970000000026e-06	-40.3070923593944
1.5490980000000026e-06	-40.24706162206452
1.5490990000000026e-06	-40.18694492737433
1.5491000000000027e-06	-40.12674203337998
1.5491010000000027e-06	-40.06645269701475
1.5491020000000027e-06	-40.00607667408211
1.5491030000000028e-06	-39.9456137192488
1.5491040000000028e-06	-39.88506358603801
1.5491050000000028e-06	-39.8244260268222
1.5491060000000028e-06	-39.763700792816216
1.5491070000000029e-06	-39.702887634070066
1.5491080000000029e-06	-39.641986299461884
1.549109000000003e-06	-39.58099653669067
1.549110000000003e-06	-39.51991809226915
1.549111000000003e-06	-39.45875071151639
1.549112000000003e-06	-39.39749413855052
1.549113000000003e-06	-39.3361481162814
1.549114000000003e-06	-39.274712386403166
1.549115000000003e-06	-39.21318668938673
1.5491160000000031e-06	-39.15157076447237
1.5491170000000031e-06	-39.089864349662015
1.5491180000000032e-06	-39.028067181711805
1.5491190000000032e-06	-38.96617899612431
1.5491200000000032e-06	-38.90419952714086
1.5491210000000032e-06	-38.84212850773387
1.5491220000000033e-06	-38.779965669598866
1.5491230000000033e-06	-38.71771074314686
1.5491240000000033e-06	-38.65536345749628
1.5491250000000034e-06	-38.59292354046508
1.5491260000000034e-06	-38.53039071856281
1.5491270000000034e-06	-38.46776471698247
1.5491280000000034e-06	-38.40504525959251
1.5491290000000035e-06	-38.342232068928645
1.5491300000000035e-06	-38.2793248661857
1.5491310000000035e-06	-38.21632337120937
1.5491320000000036e-06	-38.153227302487934
1.5491330000000036e-06	-38.09003637714394
1.5491340000000036e-06	-38.02675031092578
1.5491350000000036e-06	-37.96336881819942
1.5491360000000037e-06	-37.89989161193975
1.5491370000000037e-06	-37.83631840372212
1.5491380000000037e-06	-37.772648903713865
1.5491390000000037e-06	-37.70888282066561
1.5491400000000038e-06	-37.64501986190259
1.5491410000000038e-06	-37.58105973331608
1.5491420000000038e-06	-37.517002139354474
1.5491430000000039e-06	-37.45284678301462
1.5491440000000039e-06	-37.3885933658329
1.549145000000004e-06	-37.32424158787636
1.549146000000004e-06	-37.25979114773387
1.549147000000004e-06	-37.195241742506994
1.549148000000004e-06	-37.1305930678011
1.549149000000004e-06	-37.06584481771618
1.549150000000004e-06	-37.00099668483786
1.549151000000004e-06	-36.93604836022817
1.549152000000004e-06	-36.87099953341638
1.5491530000000041e-06	-36.805849892389766
1.5491540000000042e-06	-36.740599123584275
1.5491550000000042e-06	-36.67524691187532
1.5491560000000042e-06	-36.60979294056836
1.5491570000000042e-06	-36.54423689138944
1.5491580000000043e-06	-36.47857844447588
1.5491590000000043e-06	-36.41281727836672
1.5491600000000043e-06	-36.346953069993205
1.5491610000000044e-06	-36.28098549466932
1.5491620000000044e-06	-36.21491422608206
1.5491630000000044e-06	-36.14873893628194
1.5491640000000044e-06	-36.08245929567332
1.5491650000000045e-06	-36.01607497300464
1.5491660000000045e-06	-35.94958563535885
1.5491670000000045e-06	-35.8829909481435
1.5491680000000045e-06	-35.81629057508103
1.5491690000000046e-06	-35.749484178199054
1.5491700000000046e-06	-35.68257141782032
1.5491710000000046e-06	-35.61555195255313
1.5491720000000047e-06	-35.54842543928115
1.5491730000000047e-06	-35.48119153315377
1.5491740000000047e-06	-35.41384988757602
1.5491750000000047e-06	-35.346400154198655
1.5491760000000048e-06	-35.27884198290821
1.5491770000000048e-06	-35.21117502181704
1.5491780000000048e-06	-35.14339891725322
1.5491790000000048e-06	-35.07551331375069
1.5491800000000049e-06	-35.007517854039094
1.549181000000005e-06	-34.939412179033816
1.549182000000005e-06	-34.87119592782594
1.549183000000005e-06	-34.802868737672156
1.549184000000005e-06	-34.734430243984846
1.549185000000005e-06	-34.665880080321884
1.549186000000005e-06	-34.59721787837665
1.549187000000005e-06	-34.52844326796803
1.549188000000005e-06	-34.459555877030375
1.5491890000000051e-06	-34.39055533160338
1.5491900000000052e-06	-34.32144125582225
1.5491910000000052e-06	-34.25221327190755
1.5491920000000052e-06	-34.182871000155316
1.5491930000000052e-06	-34.11341405892708
1.5491940000000053e-06	-34.04384206463994
1.5491950000000053e-06	-33.97415463175667
1.5491960000000053e-06	-33.90435137277587
1.5491970000000053e-06	-33.8344318982221
1.5491980000000054e-06	-33.764395816636124
1.5491990000000054e-06	-33.69424273456518
1.5492000000000054e-06	-33.623972256553216
1.5492010000000055e-06	-33.553583985131304
1.5492020000000055e-06	-33.483077520808045
1.5492030000000055e-06	-33.412452462060045
1.5492040000000055e-06	-33.34170840532244
1.5492050000000056e-06	-33.27084494497954
1.5492060000000056e-06	-33.19986167335547
1.5492070000000056e-06	-33.128758180704985
1.5492080000000056e-06	-33.05753405520428
1.5492090000000057e-06	-32.98618888294202
1.5492100000000057e-06	-32.91472224791032
1.5492110000000057e-06	-32.84313373199594
1.5492120000000058e-06	-32.771422914971524
1.5492130000000058e-06	-32.69958937448697
1.5492140000000058e-06	-32.62763268606107
1.5492150000000058e-06	-32.555552423072946
1.5492160000000059e-06	-32.483348156754
1.549217000000006e-06	-32.4110194561798
1.549218000000006e-06	-32.33856588826212
1.549219000000006e-06	-32.26598701774123
1.549220000000006e-06	-32.193282407178316
1.549221000000006e-06	-32.12045161694809
1.549222000000006e-06	-32.04749420523153
1.549223000000006e-06	-31.974409728008947
1.549224000000006e-06	-31.901197739053142
1.5492250000000061e-06	-31.82785778992278
1.5492260000000061e-06	-31.754389429956152
1.5492270000000062e-06	-31.680792206264925
1.5492280000000062e-06	-31.607065663728456
1.5492290000000062e-06	-31.53320934498797
1.5492300000000063e-06	-31.4592227904414
1.5492310000000063e-06	-31.385105538238367
1.5492320000000063e-06	-31.310857124275323
1.5492330000000063e-06	-31.236477082191193
1.5492340000000064e-06	-31.161964943363305
1.5492350000000064e-06	-31.08732023690361
1.5492360000000064e-06	-31.012542489655274
1.5492370000000064e-06	-30.937631226189637
1.5492380000000065e-06	-30.862585968803643
1.5492390000000065e-06	-30.787406237517565
1.5492400000000065e-06	-30.712091550073133
1.5492410000000066e-06	-30.636641421932257
1.5492420000000066e-06	-30.561055366276037
1.5492430000000066e-06	-30.485332894004312
1.5492440000000066e-06	-30.4094735137358
1.5492450000000067e-06	-30.33347673180852
1.5492460000000067e-06	-30.257342052280947
1.5492470000000067e-06	-30.181068976933737
1.5492480000000068e-06	-30.104657005271818
1.5492490000000068e-06	-30.02810563452733
1.5492500000000068e-06	-29.95141435966297
1.5492510000000068e-06	-29.874582673376267
1.5492520000000069e-06	-29.797610066104134
1.5492530000000069e-06	-29.720496026028556
1.549254000000007e-06	-29.643240039082638
1.549255000000007e-06	-29.565841588957657
1.549256000000007e-06	-29.48830015711078
1.549257000000007e-06	-29.4106152227736
1.549258000000007e-06	-29.33278626296162
1.549259000000007e-06	-29.25481275248441
1.549260000000007e-06	-29.176694163956896
1.5492610000000071e-06	-29.098429967811526
1.5492620000000071e-06	-29.020019632311296
1.5492630000000072e-06	-28.941462623563954
1.5492640000000072e-06	-28.862758405537143
1.5492650000000072e-06	-28.78390644007482
1.5492660000000073e-06	-28.704906186914513
1.5492670000000073e-06	-28.625757103706032
1.5492680000000073e-06	-28.54645864603124
1.5492690000000073e-06	-28.46701026742519
1.5492700000000074e-06	-28.387411419398546
1.5492710000000074e-06	-28.30766155146124
1.5492720000000074e-06	-28.22776011114783
1.5492730000000074e-06	-28.147706544043913
1.5492740000000075e-06	-28.067500293814525
1.5492750000000075e-06	-27.987140802233622
1.5492760000000075e-06	-27.906627509215664
1.5492770000000076e-06	-27.825959852848502
1.5492780000000076e-06	-27.745137269428263
1.5492790000000076e-06	-27.66415919349585
1.5492800000000076e-06	-27.58302505787546
1.5492810000000077e-06	-27.501734293715163
1.5492820000000077e-06	-27.42028633052903
1.5492830000000077e-06	-27.33868059624191
1.5492840000000077e-06	-27.256916517236007
1.5492850000000078e-06	-27.17499351839981
1.5492860000000078e-06	-27.092911023179298
1.5492870000000078e-06	-27.01066845363169
1.5492880000000079e-06	-26.92826523048148
1.5492890000000079e-06	-26.84570077317909
1.549290000000008e-06	-26.762974499962333
1.549291000000008e-06	-26.680085827920518
1.549292000000008e-06	-26.597034173061424
1.549293000000008e-06	-26.51381895038117
1.549294000000008e-06	-26.430439573937328
1.549295000000008e-06	-26.346895456925125
1.549296000000008e-06	-26.263186011756755
1.5492970000000081e-06	-26.17931065014442
1.5492980000000081e-06	-26.095268783186555
1.5492990000000082e-06	-26.011059821458048
1.5493000000000082e-06	-25.92668317510388
1.5493010000000082e-06	-25.842138253936877
1.5493020000000082e-06	-25.757424467539586
1.5493030000000083e-06	-25.67254122537008
1.5493040000000083e-06	-25.587487936872183
1.5493050000000083e-06	-25.502264011590437
1.5493060000000084e-06	-25.416868859289288
1.5493070000000084e-06	-25.331301890077427
1.5493080000000084e-06	-25.245562514536854
1.5493090000000084e-06	-25.159650143857306
1.5493100000000085e-06	-25.07356418997574
1.5493110000000085e-06	-24.98730406572172
1.5493120000000085e-06	-24.900869184968016
1.5493130000000085e-06	-24.81425896278749
1.5493140000000086e-06	-24.727472815616032
1.5493150000000086e-06	-24.640510161421552
1.5493160000000086e-06	-24.55337041987987
1.5493170000000087e-06	-24.466053012557147
1.5493180000000087e-06	-24.378557363099326
1.5493190000000087e-06	-24.290882897428986
1.5493200000000087e-06	-24.20302904394944
1.5493210000000088e-06	-24.114995233756936
1.5493220000000088e-06	-24.026780900860395
1.5493230000000088e-06	-23.938385482409966
1.5493240000000089e-06	-23.849808418933836
1.5493250000000089e-06	-23.761049154584043
1.549326000000009e-06	-23.672107137391475
1.549327000000009e-06	-23.582981819530456
1.549328000000009e-06	-23.49367265759288
1.549329000000009e-06	-23.40417911287309
1.549330000000009e-06	-23.314500651662584
1.549331000000009e-06	-23.224636745556232
1.549332000000009e-06	-23.134586871769244
1.549333000000009e-06	-23.04435051346635
1.5493340000000091e-06	-22.95392716010256
1.5493350000000092e-06	-22.863316307776444
1.5493360000000092e-06	-22.772517459596678
1.5493370000000092e-06	-22.681530126061507
1.5493380000000092e-06	-22.590353825452144
1.5493390000000093e-06	-22.4989880842406
1.5493400000000093e-06	-22.407432437511872
1.5493410000000093e-06	-22.315686429401858
1.5493420000000093e-06	-22.223749613550602
1.5493430000000094e-06	-22.131621553572085
1.5493440000000094e-06	-22.039301823540836
1.5493450000000094e-06	-21.946790008495984
1.5493460000000095e-06	-21.85408570496307
1.5493470000000095e-06	-21.761188521494866
1.5493480000000095e-06	-21.668098079231342
1.5493490000000095e-06	-21.57481401247905
1.5493500000000096e-06	-21.481335969311793
1.5493510000000096e-06	-21.387663612192085
1.5493520000000096e-06	-21.293796618614543
1.5493530000000097e-06	-21.199734681772135
1.5493540000000097e-06	-21.105477511245848
1.5493550000000097e-06	-21.01102483371839
1.5493560000000097e-06	-20.916376393713144
1.5493570000000098e-06	-20.821531954358665
1.5493580000000098e-06	-20.726491298180107
1.5493590000000098e-06	-20.63125422791794
1.5493600000000098e-06	-20.535820567375424
1.5493610000000099e-06	-20.44019016229519
1.54936200000001e-06	-20.34436288126619
1.54936300000001e-06	-20.24833861666199
1.54936400000001e-06	-20.152117285611382
1.54936500000001e-06	-20.055698831002108
1.54936600000001e-06	-19.959083222519304
1.54936700000001e-06	-19.862270457719234
1.54936800000001e-06	-19.765260563139364
1.54936900000001e-06	-19.66805359544669
1.5493700000000101e-06	-19.570649642624694
1.5493710000000101e-06	-19.47304882520013
1.5493720000000102e-06	-19.375251297511728
1.5493730000000102e-06	-19.27725724902105
1.5493740000000102e-06	-19.179066905667433
1.5493750000000103e-06	-19.08068053126813
1.5493760000000103e-06	-18.982098428964893
1.5493770000000103e-06	-18.883320942718825
1.5493780000000103e-06	-18.784348458853998
1.5493790000000104e-06	-18.685181407652603
1.5493800000000104e-06	-18.585820265001686
1.5493810000000104e-06	-18.486265554093954
1.5493820000000105e-06	-18.386517847184006
1.5493830000000105e-06	-18.286577767400672
1.5493840000000105e-06	-18.186445990618555
1.5493850000000105e-06	-18.08612324738893
1.5493860000000106e-06	-17.98561032493223
1.5493870000000106e-06	-17.884908069194147
1.5493880000000106e-06	-17.78401738696584
1.5493890000000106e-06	-17.682939248071282
1.5493900000000107e-06	-17.581674687622055
1.5493910000000107e-06	-17.480224808342445
1.5493920000000107e-06	-17.378590782965894
1.5493930000000108e-06	-17.27677385670421
1.5493940000000108e-06	-17.174775349792178
1.5493950000000108e-06	-17.072596660108033
1.5493960000000108e-06	-16.970239265872642
1.5493970000000109e-06	-16.86770472842796
1.5493980000000109e-06	-16.76499469509706
1.549399000000011e-06	-16.66211090212722
1.549400000000011e-06	-16.559055177717216
1.549401000000011e-06	-16.455829445130966
1.549402000000011e-06	-16.35243572589833
1.549403000000011e-06	-16.24887614310488
1.549404000000011e-06	-16.145152924771832
1.549405000000011e-06	-16.04126840732716
1.5494060000000111e-06	-15.937225039169645
1.5494070000000111e-06	-15.83302538432605
1.5494080000000112e-06	-15.728672126203183
1.5494090000000112e-06	-15.624168071434678
1.5494100000000112e-06	-15.519516153824426
1.5494110000000113e-06	-15.414719438385935
1.5494120000000113e-06	-15.309781125478501
1.5494130000000113e-06	-15.20470455504042
1.5494140000000113e-06	-15.099493210918574
1.5494150000000114e-06	-14.994150725294892
1.5494160000000114e-06	-14.888680883208124
1.5494170000000114e-06	-14.783087627171154
1.5494180000000114e-06	-14.677375061881461
1.5494190000000115e-06	-14.571547459024503
1.5494200000000115e-06	-14.46560926216716
1.5494210000000115e-06	-14.359565091739295
1.5494220000000116e-06	-14.253419750101477
1.5494230000000116e-06	-14.147178226694423
1.5494240000000116e-06	-14.040845703268129
1.5494250000000116e-06	-13.93442755918523
1.5494260000000117e-06	-13.827929376795126
1.5494270000000117e-06	-13.721356946873069
1.5494280000000117e-06	-13.614716274118322
1.5494290000000117e-06	-13.508013582705498
1.5494300000000118e-06	-13.40125532188123
1.5494310000000118e-06	-13.29444817159917
1.5494320000000118e-06	-13.187599048183591
1.5494330000000119e-06	-13.080715110013138
1.5494340000000119e-06	-12.973803763213287
1.549435000000012e-06	-12.866872667348009
1.549436000000012e-06	-12.75992974109569
1.549437000000012e-06	-12.652983167899363
1.549438000000012e-06	-12.546041401574218
1.549439000000012e-06	-12.43911317185902
1.549440000000012e-06	-12.33220748989349
1.549441000000012e-06	-12.225333653605473
1.5494420000000121e-06	-12.118501252987858
1.5494430000000121e-06	-12.011720175246
1.5494440000000122e-06	-11.905000609793838
1.5494450000000122e-06	-11.798353053076656
1.5494460000000122e-06	-11.691788313195683
1.5494470000000122e-06	-11.585317514310244
1.5494480000000123e-06	-11.478952100789881
1.5494490000000123e-06	-11.372703841089278
1.5494500000000123e-06	-11.266584831315766
1.5494510000000124e-06	-11.160607498459296
1.5494520000000124e-06	-11.054784603252454
1.5494530000000124e-06	-10.94912924262735
1.5494540000000124e-06	-10.843654851734412
1.5494550000000125e-06	-10.738375205487056
1.5494560000000125e-06	-10.63330441959586
1.5494570000000125e-06	-10.528456951053029
1.5494580000000126e-06	-10.423847598028983
1.5494590000000126e-06	-10.319491499140028
1.5494600000000126e-06	-10.215404132047432
1.5494610000000126e-06	-10.111601311345112
1.5494620000000127e-06	-10.00809918569531
1.5494630000000127e-06	-9.904914234169508
1.5494640000000127e-06	-9.802063261752458
1.5494650000000127e-06	-9.69956339396711
1.5494660000000128e-06	-9.597432070579641
1.5494670000000128e-06	-9.495687038342759
1.5494680000000128e-06	-9.39434634273756
1.5494690000000129e-06	-9.293428318676613
1.5494700000000129e-06	-9.192951580128623
1.549471000000013e-06	-9.092935008633003
1.549472000000013e-06	-8.993397740669344
1.549473000000013e-06	-8.894359153852548
1.549474000000013e-06	-8.795838851928139
1.549475000000013e-06	-8.69785664854293
1.549476000000013e-06	-8.600432549773453
1.549477000000013e-06	-8.503586735397253
1.549478000000013e-06	-8.407339538896869
1.5494790000000131e-06	-8.31171142619314
1.5494800000000132e-06	-8.216722973108906
1.5494810000000132e-06	-8.122394841570976
1.5494820000000132e-06	-8.028747754564556
1.5494830000000132e-06	-7.935802469862149
1.5494840000000133e-06	-7.843579752555235
1.5494850000000133e-06	-7.752100346425383
1.5494860000000133e-06	-7.661384944199307
1.5494870000000134e-06	-7.571454156740948
1.5494880000000134e-06	-7.482328481241275
1.5494890000000134e-06	-7.394028268475749
1.5494900000000134e-06	-7.306573689208108
1.5494910000000135e-06	-7.2199846998266315
1.5494920000000135e-06	-7.134281007309476
1.5494930000000135e-06	-7.049482033621109
1.5494940000000135e-06	-6.96560687965361
1.5494950000000136e-06	-6.882674288830859
1.5494960000000136e-06	-6.800702610503059
1.5494970000000136e-06	-6.719709763264601
1.5494980000000137e-06	-6.63971319833556
1.5494990000000137e-06	-6.560729863150774
1.5495000000000137e-06	-6.482776165306819
1.5495010000000137e-06	-6.405867937019488
1.5495020000000138e-06	-6.330020400247653
1.5495030000000138e-06	-6.255248132640983
1.5495040000000138e-06	-6.181565034469525
1.5495050000000138e-06	-6.10898429669204
1.5495060000000139e-06	-6.037518370319028
1.549507000000014e-06	-5.96717893722258
1.549508000000014e-06	-5.897976882540947
1.549509000000014e-06	-5.82992226882105
1.549510000000014e-06	-5.7630243120332185
1.549511000000014e-06	-5.697291359588047
1.549512000000014e-06	-5.632730870472153
1.549513000000014e-06	-5.569349397612293
1.549514000000014e-06	-5.507152572565202
1.5495150000000141e-06	-5.446145092617948
1.5495160000000142e-06	-5.386330710371388
1.5495170000000142e-06	-5.327712225865493
1.5495180000000142e-06	-5.270291481290812
1.5495190000000142e-06	-5.214069358316306
1.5495200000000143e-06	-5.159045778048521
1.5495210000000143e-06	-5.105219703621931
1.5495220000000143e-06	-5.052589145405822
1.5495230000000143e-06	-5.001151168797141
1.5495240000000144e-06	-4.950901904555792
1.5495250000000144e-06	-4.901836561622163
1.5495260000000144e-06	-4.853949442346501
1.5495270000000145e-06	-4.807233960043083
1.5495280000000145e-06	-4.76168265877299
1.5495290000000145e-06	-4.717287235246714
1.5495300000000145e-06	-4.674038562727521
1.5495310000000146e-06	-4.631926716808542
1.5495320000000146e-06	-4.590941002926482
1.5495330000000146e-06	-4.551069985471219
1.5495340000000146e-06	-4.512301518341448
1.5495350000000147e-06	-4.474622776794861
1.5495360000000147e-06	-4.438020290437258
1.5495370000000147e-06	-4.4024799771931775
1.5495380000000148e-06	-4.3679871780998365
1.5495390000000148e-06	-4.334526692767236
1.5495400000000148e-06	-4.302082815348373
1.5495410000000148e-06	-4.2706393708663395
1.5495420000000149e-06	-4.240179751749041
1.549543000000015e-06	-4.2106869544259276
1.549544000000015e-06	-4.182143615847793
1.549545000000015e-06	-4.154532049795341
1.549546000000015e-06	-4.127834282850734
1.549547000000015e-06	-4.102032089910773
1.549548000000015e-06	-4.077107029131824
1.549549000000015e-06	-4.053040476201149
1.549550000000015e-06	-4.029813657839497
1.5495510000000151e-06	-4.0074076844486095
1.5495520000000151e-06	-3.985803581823959
1.5495530000000152e-06	-3.9649823218639098
1.5495540000000152e-06	-3.944924852213772
1.5495550000000152e-06	-3.9256121247911837
1.5495560000000153e-06	-3.907025123149631
1.5495570000000153e-06	-3.889144888641407
1.5495580000000153e-06	-3.8719525453536296
1.5495590000000153e-06	-3.8554293237937105
1.5495600000000154e-06	-3.8395565833102947
1.5495610000000154e-06	-3.824315833242939
1.5495620000000154e-06	-3.809688752797269
1.5495630000000154e-06	-3.7956572096508525
1.5495640000000155e-06	-3.7822032772989433
1.5495650000000155e-06	-3.7693092511550805
1.5495660000000155e-06	-3.756957663424165
1.5495670000000156e-06	-3.745131296772921
1.5495680000000156e-06	-3.7338131968226085
1.5495690000000156e-06	-3.722986683494582
1.5495700000000156e-06	-3.7126353612416105
1.5495710000000157e-06	-3.7027431281989456
1.5495720000000157e-06	-3.693294184292485
1.5495730000000157e-06	-3.684273038343421
1.5495740000000158e-06	-3.6756645142076527
1.5495750000000158e-06	-3.6674537559924323
1.5495760000000158e-06	-3.659626232390975
1.5495770000000158e-06	-3.6521677401772425
1.5495780000000159e-06	-3.645064406903158
1.5495790000000159e-06	-3.6383026928405613
1.549580000000016e-06	-3.6318693922095746
1.549581000000016e-06	-3.625751633734813
1.549582000000016e-06	-3.619936880570704
1.549583000000016e-06	-3.6144129296357
1.549584000000016e-06	-3.6091679103943837
1.549585000000016e-06	-3.604190283126574
1.549586000000016e-06	-3.599468836719412
1.5495870000000161e-06	-3.594992686019629
1.5495880000000161e-06	-3.590751268779769
1.5495890000000162e-06	-3.5867343422323232
1.5495900000000162e-06	-3.5829319793242487
1.5495910000000162e-06	-3.5793345646420627
1.5495920000000162e-06	-3.5759327900571796
1.5495930000000163e-06	-3.5727176501203504
1.5495940000000163e-06	-3.5696804372308195
1.5495950000000163e-06	-3.566812736605886
1.5495960000000164e-06	-3.5641064210762696
1.5495970000000164e-06	-3.56155364572741
1.5495980000000164e-06	-3.559146842410862
1.5495990000000164e-06	-3.5568787141439495
1.5496000000000165e-06	-3.554742229417809
1.5496010000000165e-06	-3.5527306164306176
1.5496020000000165e-06	-3.5508373572635543
1.5496030000000166e-06	-3.5490561820141053
1.5496040000000166e-06	-3.547381062901481
1.5496050000000166e-06	-3.545806208357614
1.5496060000000166e-06	-3.5443260571154163
1.5496070000000167e-06	-3.5429352723065364
1.5496080000000167e-06	-3.5416287355787017
1.5496090000000167e-06	-3.540401541241786
1.5496100000000167e-06	-3.539248990452453
1.5496110000000168e-06	-3.5381665854444924
1.5496120000000168e-06	-3.537150023812579
1.5496130000000168e-06	-3.5361951928560416
1.5496140000000169e-06	-3.535298163988191
1.5496150000000169e-06	-3.5344551872172962
1.549616000000017e-06	-3.5336626857031197
1.549617000000017e-06	-3.532917250394014
1.549618000000017e-06	-3.5322156347476064
1.549619000000017e-06	-3.531554749538558
1.549620000000017e-06	-3.530931657756675
1.549621000000017e-06	-3.5303435695969743
1.549622000000017e-06	-3.529787837543923
1.549623000000017e-06	-3.5292619515522556
1.5496240000000171e-06	-3.5287635343241908
1.5496250000000172e-06	-3.5282903366860485
1.5496260000000172e-06	-3.527840233062811
1.5496270000000172e-06	-3.52741121705313
1.5496280000000172e-06	-3.5270013971034637
1.5496290000000173e-06	-3.526608992282649
1.5496300000000173e-06	-3.5262323281557557
1.5496310000000173e-06	-3.525869832757436
1.5496320000000174e-06	-3.5255200326640086
1.5496330000000174e-06	-3.5251815491640723
1.5496340000000174e-06	-3.5248530945262484
1.5496350000000174e-06	-3.5245334683635976
1.5496360000000175e-06	-3.524221554093602
1.5496370000000175e-06	-3.523916315492643
1.5496380000000175e-06	-3.523616793343593
1.5496390000000175e-06	-3.523322102175687
1.5496400000000176e-06	-3.523031427095025
1.5496410000000176e-06	-3.522744020704251
1.5496420000000176e-06	-3.522459200110595
1.5496430000000177e-06	-3.5221763440199103
1.5496440000000177e-06	-3.5218948899160263
1.5496450000000177e-06	-3.521614331323705
1.5496460000000177e-06	-3.521334215152956
1.5496470000000178e-06	-3.521054139124551
1.5496480000000178e-06	-3.520773749273658
1.5496490000000178e-06	-3.5204927375312725
1.5496500000000179e-06	-3.520210839381001
1.5496510000000179e-06	-3.5199278315899623
1.549652000000018e-06	-3.519643530012492
1.549653000000018e-06	-3.51935778746465
1.549654000000018e-06	-3.5190704916679794
1.549655000000018e-06	-3.5187815632615744
1.549656000000018e-06	-3.5184909538799225
1.549657000000018e-06	-3.51819864429622
1.549658000000018e-06	-3.5179046426283844
1.549659000000018e-06	-3.517608982607383
1.5496600000000181e-06	-3.5173117219058088
1.5496610000000182e-06	-3.517012940525147
1.5496620000000182e-06	-3.5167127392409165
1.5496630000000182e-06	-3.5164112381037715
1.5496640000000182e-06	-3.5161085749953482
1.5496650000000183e-06	-3.5158049042374033
1.5496660000000183e-06	-3.5155003952532744
1.5496670000000183e-06	-3.515195231279625
1.5496680000000183e-06	-3.5148896081283376
1.5496690000000184e-06	-3.5145837329957748
1.5496700000000184e-06	-3.514277823319763
1.5496710000000184e-06	-3.513972105681713
1.5496720000000185e-06	-3.5136668147538215
1.5496730000000185e-06	-3.5133621922892204
1.5496740000000185e-06	-3.513058486154592
1.5496750000000185e-06	-3.5127559494038825
1.5496760000000186e-06	-3.5124548393921455
1.5496770000000186e-06	-3.5121554169279605
1.5496780000000186e-06	-3.5118579454642957
1.5496790000000187e-06	-3.5115626903258317
1.5496800000000187e-06	-3.511269917972198
1.5496810000000187e-06	-3.510979895296221
1.5496820000000187e-06	-3.5106928889559748
1.5496830000000188e-06	-3.510409164739818
1.5496840000000188e-06	-3.510128986963394
1.5496850000000188e-06	-3.5098526178977245
1.5496860000000188e-06	-3.509580317227812
1.5496870000000189e-06	-3.509312341540118
1.549688000000019e-06	-3.509048943838878
1.549689000000019e-06	-3.5087903730901626
1.549690000000019e-06	-3.5085368737923126
1.549691000000019e-06	-3.5082886855730777
1.549692000000019e-06	-3.508046042811511
1.549693000000019e-06	-3.5078091742845716
1.549694000000019e-06	-3.507578302837468
1.549695000000019e-06	-3.5073536450769605
1.5496960000000191e-06	-3.5071354110871313
1.5496970000000191e-06	-3.5069238041665365
1.5496980000000192e-06	-3.5067190205863916
1.5496990000000192e-06	-3.506521249368842
1.5497000000000192e-06	-3.506330672085103
1.5497010000000193e-06	-3.506147462672193
1.5497020000000193e-06	-3.5059717872683294
1.5497030000000193e-06	-3.5058038040653434
1.5497040000000193e-06	-3.5056436631789927
1.5497050000000194e-06	-3.505491506535146
1.5497060000000194e-06	-3.5053474677719625
1.5497070000000194e-06	-3.505211672157758
1.5497080000000195e-06	-3.505084236523059
1.5497090000000195e-06	-3.5049652692071867
1.5497100000000195e-06	-3.5048548700186926
1.5497110000000195e-06	-3.504753130208444
1.5497120000000196e-06	-3.50466013245589
1.5497130000000196e-06	-3.504575950867132
1.5497140000000196e-06	-3.5045006509847316
1.5497150000000196e-06	-3.5044342898087724
1.5497160000000197e-06	-3.504376915828473
1.5497170000000197e-06	-3.5043285690643255
1.5497180000000197e-06	-3.504289281119548
1.5497190000000198e-06	-3.5042590752414386
1.5497200000000198e-06	-3.5042379663914303
1.5497210000000198e-06	-3.5042259613233417
1.5497220000000198e-06	-3.5042230586704526
1.5497230000000199e-06	-3.504229249039557
1.5497240000000199e-06	-3.5042445151126937
1.54972500000002e-06	-3.5042688317558204
1.54972600000002e-06	-3.5043021661339617
1.54972700000002e-06	-3.5043444778325332
1.54972800000002e-06	-3.5043957189845716
1.54972900000002e-06	-3.5044558344034114
1.54973000000002e-06	-3.5045247617205018
1.54973100000002e-06	-3.5046024315281574
1.5497320000000201e-06	-3.504688767526729
1.5497330000000201e-06	-3.504783686676132
1.5497340000000202e-06	-3.5048870993507713
1.5497350000000202e-06	-3.504998909498913
1.5497360000000202e-06	-3.5051190148045586
1.5497370000000203e-06	-3.505247306852768
1.5497380000000203e-06	-3.505383671297748
1.5497390000000203e-06	-3.505527988033243
1.5497400000000203e-06	-3.505680131365399
1.5497410000000204e-06	-3.505839970187364
1.5497420000000204e-06	-3.5060073681559514
1.5497430000000204e-06	-3.506182183869519
1.5497440000000204e-06	-3.50636427104737
1.5497450000000205e-06	-3.506553478710061
1.5497460000000205e-06	-3.506749651360759
1.5497470000000205e-06	-3.506952629167082
1.5497480000000206e-06	-3.507162248143399
1.5497490000000206e-06	-3.5073783403335397
1.5497500000000206e-06	-3.507600733993658
1.5497510000000206e-06	-3.5078292537744553
1.5497520000000207e-06	-3.5080637209039622
1.5497530000000207e-06	-3.5083039533692464
1.5497540000000207e-06	-3.5085497660976896
1.5497550000000207e-06	-3.5088009711377155
1.5497560000000208e-06	-3.5090573778383574
1.5497570000000208e-06	-3.509318793028138
1.5497580000000208e-06	-3.509585021192052
1.5497590000000209e-06	-3.5098558646484608
1.5497600000000209e-06	-3.5101311237233084
1.549761000000021e-06	-3.5104105969236605
1.549762000000021e-06	-3.5106940811090044
1.549763000000021e-06	-3.5109813716613743
1.549764000000021e-06	-3.511272262653107
1.549765000000021e-06	-3.5115665470129747
1.549766000000021e-06	-3.511864016689996
1.549767000000021e-06	-3.5121644628153326
1.5497680000000211e-06	-3.5124676758618167
1.5497690000000211e-06	-3.5127734458013893
1.5497700000000212e-06	-3.5130815622597984
1.5497710000000212e-06	-3.5133918146693537
1.5497720000000212e-06	-3.513703992418524
1.5497730000000212e-06	-3.514017884999841
1.5497740000000213e-06	-3.5143332821542534
1.5497750000000213e-06	-3.51464997401351
1.5497760000000213e-06	-3.5149677512394555
1.5497770000000214e-06	-3.515286405160682
1.5497780000000214e-06	-3.5156057279064274
1.5497790000000214e-06	-3.515925512537577
1.5497800000000214e-06	-3.5162455531746266
1.5497810000000215e-06	-3.5165656451231615
1.5497820000000215e-06	-3.5168855849960368
1.5497830000000215e-06	-3.5172051708325673
1.5497840000000215e-06	-3.5175242022152498
1.5497850000000216e-06	-3.517842480382815
1.5497860000000216e-06	-3.5181598083408208
1.5497870000000216e-06	-3.5184759909689802
1.5497880000000217e-06	-3.5187908351254436
1.5497890000000217e-06	-3.51910414974835
1.5497900000000217e-06	-3.519415745953715
1.5497910000000217e-06	-3.5197254371311697
1.5497920000000218e-06	-3.520033039035953
1.5497930000000218e-06	-3.520338369878149
1.5497940000000218e-06	-3.520641250408886
1.5497950000000219e-06	-3.5209415040036074
1.5497960000000219e-06	-3.5212389567422813
1.549797000000022e-06	-3.5215334374864433
1.549798000000022e-06	-3.521824777953606
1.549799000000022e-06	-3.522112812788582
1.549800000000022e-06	-3.522397379631629
1.549801000000022e-06	-3.522678319184041
1.549802000000022e-06	-3.5229554752706935
1.549803000000022e-06	-3.523228694899634
1.549804000000022e-06	-3.5234978283188396
1.5498050000000221e-06	-3.5237627290705555
1.5498060000000222e-06	-3.524023254041855
1.5498070000000222e-06	-3.5242792635137246
1.5498080000000222e-06	-3.5245306212063197
1.5498090000000222e-06	-3.5247771943221324
1.5498100000000223e-06	-3.5250188535861726
1.5498110000000223e-06	-3.5252554732836834
1.5498120000000223e-06	-3.5254869312951076
1.5498130000000223e-06	-3.5257131091286626
1.5498140000000224e-06	-3.525933891950046
1.5498150000000224e-06	-3.5261491686099724
1.5498160000000224e-06	-3.5263588316691226
1.5498170000000225e-06	-3.5265627774203896
1.5498180000000225e-06	-3.526760905909278
1.5498190000000225e-06	-3.5269531209513287
1.5498200000000225e-06	-3.5271393301476794
1.5498210000000226e-06	-3.527319444898124
1.5498220000000226e-06	-3.5274933804118986
1.5498230000000226e-06	-3.527661055716397
1.5498240000000227e-06	-3.5278223936636213
1.5498250000000227e-06	-3.527977320934469
1.5498260000000227e-06	-3.5281257680411526
1.5498270000000227e-06	-3.5282676693270822
1.5498280000000228e-06	-3.528402962965491
1.5498290000000228e-06	-3.5285315909553203
1.5498300000000228e-06	-3.5286534991156704
1.5498310000000228e-06	-3.5287686370780857
1.5498320000000229e-06	-3.5288769582773094
1.549833000000023e-06	-3.528978419939987
1.549834000000023e-06	-3.52907298307151
1.549835000000023e-06	-3.5291606124414328
1.549836000000023e-06	-3.529241276567056
1.549837000000023e-06	-3.529314947695283
1.549838000000023e-06	-3.5293816017830766
1.549839000000023e-06	-3.5294412184761925
1.549840000000023e-06	-3.529493781086353
1.5498410000000231e-06	-3.5295392765670837
1.5498420000000231e-06	-3.5295776954880798
1.5498430000000232e-06	-3.5296090320081266
1.5498440000000232e-06	-3.529633283846449
1.5498450000000232e-06	-3.5296504522532817
1.5498460000000233e-06	-3.529660541978542
1.5498470000000233e-06	-3.5296635612395892
1.5498480000000233e-06	-3.529659521687778
1.5498490000000233e-06	-3.5296484383736395
1.5498500000000234e-06	-3.529630329711159
1.5498510000000234e-06	-3.5296052174407384
1.5498520000000234e-06	-3.529573126591205
1.5498530000000235e-06	-3.529534085440828
1.5498540000000235e-06	-3.529488125477252
1.5498550000000235e-06	-3.5294352813566023
1.5498560000000235e-06	-3.5293755908613678
1.5498570000000236e-06	-3.5293090948577865
1.5498580000000236e-06	-3.5292358372521004
1.5498590000000236e-06	-3.529155864946259
1.5498600000000236e-06	-3.5290692277921942
1.5498610000000237e-06	-3.528975978546496
1.5498620000000237e-06	-3.52887617282304
1.5498630000000237e-06	-3.5287698690458185
1.5498640000000238e-06	-3.5286571284008943
1.5498650000000238e-06	-3.5285380147876473
1.5498660000000238e-06	-3.5284125947693474
1.5498670000000238e-06	-3.528280937523331
1.5498680000000239e-06	-3.528143114790651
1.549869000000024e-06	-3.527999200824989
1.549870000000024e-06	-3.5278492723413644
1.549871000000024e-06	-3.527693408464243
1.549872000000024e-06	-3.5275316906751146
1.549873000000024e-06	-3.527364202759964
1.549874000000024e-06	-3.5271910307560694
1.549875000000024e-06	-3.5270122628987526
1.549876000000024e-06	-3.5268279895675274
1.5498770000000241e-06	-3.5266383032320925
1.5498780000000241e-06	-3.5264432983980254
1.5498790000000242e-06	-3.5262430715524298
1.5498800000000242e-06	-3.5260377211088385
1.5498810000000242e-06	-3.5258273473526387
1.5498820000000243e-06	-3.5256120523857515
1.5498830000000243e-06	-3.525391940071378
1.5498840000000243e-06	-3.5251671159786104
1.5498850000000243e-06	-3.5249376873270832
1.5498860000000244e-06	-3.524703762931032
1.5498870000000244e-06	-3.5244654531440425
1.5498880000000244e-06	-3.5242228698032685
1.5498890000000244e-06	-3.523976126173473
1.5498900000000245e-06	-3.5237253368916583
1.5498910000000245e-06	-3.5234706179110438
1.5498920000000245e-06	-3.523212086445784
1.5498930000000246e-06	-3.522949860915063
1.5498940000000246e-06	-3.52268406088768
1.5498950000000246e-06	-3.5224148070266033
1.5498960000000246e-06	-3.522142221033742
1.5498970000000247e-06	-3.521866425594442
1.5498980000000247e-06	-3.521587544322886
1.5498990000000247e-06	-3.52130570170675
1.5499000000000248e-06	-3.521021023052757
1.5499010000000248e-06	-3.5207336344320153
1.5499020000000248e-06	-3.5204436626256603
1.5499030000000248e-06	-3.520151235070928
1.5499040000000249e-06	-3.5198564798069936
1.5499050000000249e-06	-3.5195595254215633
1.549906000000025e-06	-3.5192605009974636
1.549907000000025e-06	-3.5189595360592634
1.549908000000025e-06	-3.518656760521014
1.549909000000025e-06	-3.518352304633167
1.549910000000025e-06	-3.518046298930731
1.549911000000025e-06	-3.517738874181255
1.549912000000025e-06	-3.517430161333328
1.5499130000000251e-06	-3.517120291465356
1.5499140000000251e-06	-3.5168093957347732
1.5499150000000252e-06	-3.516497605327538
1.5499160000000252e-06	-3.5161850514080606
1.5499170000000252e-06	-3.5158718650694536
1.5499180000000252e-06	-3.5155581772842757
1.5499190000000253e-06	-3.5152441188556676
1.5499200000000253e-06	-3.514929820368918
1.5499210000000253e-06	-3.5146154121431437
1.5499220000000254e-06	-3.514301024184079
1.5499230000000254e-06	-3.5139867861365874
1.5499240000000254e-06	-3.5136728272380924
1.5499250000000254e-06	-3.5133592762722983
1.5499260000000255e-06	-3.5130462615233493
1.5499270000000255e-06	-3.512733910730627
1.5499280000000255e-06	-3.5124223510438273
1.5499290000000256e-06	-3.5121117089785185
1.5499300000000256e-06	-3.5118021103725465
1.5499310000000256e-06	-3.5114936803424976
1.5499320000000256e-06	-3.5111865432409473
1.5499330000000257e-06	-3.5108808226140127
1.5499340000000257e-06	-3.510576641159773
1.5499350000000257e-06	-3.510274120686599
1.5499360000000257e-06	-3.509973382072988
1.5499370000000258e-06	-3.5096745452267757
1.5499380000000258e-06	-3.509377729045842
1.5499390000000258e-06	-3.509083051378798
1.5499400000000259e-06	-3.5087906289865005
1.5499410000000259e-06	-3.508500577504008
1.549942000000026e-06	-3.5082130114030603
1.549943000000026e-06	-3.507928043955321
1.549944000000026e-06	-3.5076457871960405
1.549945000000026e-06	-3.5073663518880114
1.549946000000026e-06	-3.5070898474868946
1.549947000000026e-06	-3.5068163821061233
1.549948000000026e-06	-3.506546062483209
1.549949000000026e-06	-3.5062789939461285
1.5499500000000261e-06	-3.5060152803805567
1.5499510000000262e-06	-3.505755024197652
1.5499520000000262e-06	-3.5054983263022454
1.5499530000000262e-06	-3.505245286061993
1.5499540000000262e-06	-3.504996001276677
1.5499550000000263e-06	-3.504750568148471
1.5499560000000263e-06	-3.504509081252683
1.5499570000000263e-06	-3.504271633509068
1.5499580000000264e-06	-3.504038316153721
1.5499590000000264e-06	-3.5038092187118215
1.5499600000000264e-06	-3.5035844289706404
1.5499610000000264e-06	-3.503364032953344
1.5499620000000265e-06	-3.5031481148934125
1.5499630000000265e-06	-3.5029367572097287
1.5499640000000265e-06	-3.502730040482179
1.5499650000000265e-06	-3.50252804342787
1.5499660000000266e-06	-3.5023308428779742
1.5499670000000266e-06	-3.5021385137553604
1.5499680000000266e-06	-3.5019511290526446
1.5499690000000267e-06	-3.501768759810884
1.5499700000000267e-06	-3.50159147509906
1.5499710000000267e-06	-3.5014193419940813
1.5499720000000267e-06	-3.5012524255612525
1.5499730000000268e-06	-3.501090788835624
1.5499740000000268e-06	-3.500934492804072
1.5499750000000268e-06	-3.500783596387439
1.5499760000000268e-06	-3.5006381564239892
1.5499770000000269e-06	-3.5004982276530767
1.549978000000027e-06	-3.500363862699511
1.549979000000027e-06	-3.500235112058709
1.549980000000027e-06	-3.5001120240822443
1.549981000000027e-06	-3.4999946449643
1.549982000000027e-06	-3.4998830187284535
1.549983000000027e-06	-3.4997771872154533
1.549984000000027e-06	-3.4996771900712758
1.549985000000027e-06	-3.4995830647359294
1.5499860000000271e-06	-3.499494846433185
1.5499870000000272e-06	-3.499412568160432
1.5499880000000272e-06	-3.4993362606795717
1.5499890000000272e-06	-3.4992659525084746
1.5499900000000272e-06	-3.499201669912819
1.5499910000000273e-06	-3.499143436898861
1.5499920000000273e-06	-3.499091275206773
1.5499930000000273e-06	-3.4990452043046143
1.5499940000000273e-06	-3.4990052413828026
1.5499950000000274e-06	-3.4989714013492397
1.5499960000000274e-06	-3.4989436968255108
1.5499970000000274e-06	-3.4989221381431292
1.5499980000000275e-06	-3.4989067333405566
1.5499990000000275e-06	-3.498897488161284
1.5500000000000275e-06	-3.4988944060519396
1.5500010000000275e-06	-3.498897488161638
1.5500020000000276e-06	-3.4989067333412542
1.5500030000000276e-06	-3.498922138144143
1.5500040000000276e-06	-3.4989436968268817
1.5500050000000276e-06	-3.498971401350945
1.5500060000000277e-06	-3.499005241384825
1.5500070000000277e-06	-3.4990452043070217
1.5500080000000277e-06	-3.4990912752094934
1.5500090000000278e-06	-3.4991434369019125
1.5500100000000278e-06	-3.499201669916157
1.5500110000000278e-06	-3.499265952512184
1.5500120000000278e-06	-3.4993362606836573
1.5500130000000279e-06	-3.499412568164837
1.550014000000028e-06	-3.49949484643786
1.550015000000028e-06	-3.4995830647409605
1.550016000000028e-06	-3.499677190076641
1.550017000000028e-06	-3.4997771872211407
1.550018000000028e-06	-3.4998830187344443
1.550019000000028e-06	-3.4999946449705948
1.550020000000028e-06	-3.5001120240888413
1.550021000000028e-06	-3.5002351120656403
1.5500220000000281e-06	-3.5003638627067257
1.5500230000000281e-06	-3.500498227660623
1.5500240000000282e-06	-3.5006381564318327
1.5500250000000282e-06	-3.5007835963955616
1.5500260000000282e-06	-3.500934492812473
1.5500270000000283e-06	-3.5010907888443836
1.5500280000000283e-06	-3.501252425570263
1.5500290000000283e-06	-3.501419342003378
1.5500300000000283e-06	-3.501591475108634
1.5500310000000284e-06	-3.501768759820722
1.5500320000000284e-06	-3.5019511290627396
1.5500330000000284e-06	-3.5021385137657535
1.5500340000000284e-06	-3.502330842888624
1.5500350000000285e-06	-3.502528043438798
1.5500360000000285e-06	-3.5027300404933874
1.5500370000000285e-06	-3.5029367572211885
1.5500380000000286e-06	-3.5031481149051267
1.5500390000000286e-06	-3.5033640329652895
1.5500400000000286e-06	-3.503584428982846
1.5500410000000286e-06	-3.50380921872427
1.5500420000000287e-06	-3.504038316166391
1.5500430000000287e-06	-3.5042716335219373
1.5500440000000287e-06	-3.5045090812658177
1.5500450000000288e-06	-3.5047505681618265
1.5500460000000288e-06	-3.5049960012902295
1.5500470000000288e-06	-3.505245286075771
1.5500480000000288e-06	-3.5054983263162702
1.5500490000000289e-06	-3.505755024211817
1.5500500000000289e-06	-3.5060152803949283
1.550051000000029e-06	-3.506278993960676
1.550052000000029e-06	-3.5065460624979146
1.550053000000029e-06	-3.5068163821210097
1.550054000000029e-06	-3.5070898475019647
1.550055000000029e-06	-3.5073663519032765
1.550056000000029e-06	-3.507645787211394
1.550057000000029e-06	-3.507928043970839
1.5500580000000291e-06	-3.5082130114187255
1.5500590000000291e-06	-3.5085005775197904
1.5500600000000292e-06	-3.508790629002439
1.5500610000000292e-06	-3.509083051394914
1.5500620000000292e-06	-3.5093777290620496
1.5500630000000293e-06	-3.5096745452431053
1.5500640000000293e-06	-3.509973382089429
1.5500650000000293e-06	-3.5102741207031536
1.5500660000000293e-06	-3.510576641176338
1.5500670000000294e-06	-3.5108808226307198
1.5500680000000294e-06	-3.511186543257713
1.5500690000000294e-06	-3.5114936803593615
1.5500700000000294e-06	-3.511802110389465
1.5500710000000295e-06	-3.5121117089954796
1.5500720000000295e-06	-3.5124223510608026
1.5500730000000295e-06	-3.5127339107477207
1.5500740000000296e-06	-3.5130462615404467
1.5500750000000296e-06	-3.5133592762894503
1.5500760000000296e-06	-3.513672827255278
1.5500770000000296e-06	-3.5139867861537595
1.5500780000000297e-06	-3.5143010242012647
1.5500790000000297e-06	-3.514615412160367
1.5500800000000297e-06	-3.5149298203861017
1.5500810000000297e-06	-3.5152441188728725
1.5500820000000298e-06	-3.5155581773014344
1.5500830000000298e-06	-3.5158718650865524
1.5500840000000298e-06	-3.5161850514251576
1.5500850000000299e-06	-3.516497605344596
1.5500860000000299e-06	-3.516809395751773
1.55008700000003e-06	-3.517120291482298
1.55008800000003e-06	-3.5174301613502057
1.55008900000003e-06	-3.517738874198045
1.55009000000003e-06	-3.518046298947477
1.55009100000003e-06	-3.5183523046498166
1.55009200000003e-06	-3.5186567605375787
1.55009300000003e-06	-3.518959536075787
1.5500940000000301e-06	-3.519260501013811
1.5500950000000301e-06	-3.5195595254378405
1.5500960000000302e-06	-3.519856479823147
1.5500970000000302e-06	-3.520151235086912
1.5500980000000302e-06	-3.5204436626415516
1.5500990000000302e-06	-3.5207336344477094
1.5501000000000303e-06	-3.521021023068327
1.5501010000000303e-06	-3.521305701722188
1.5501020000000303e-06	-3.5215875443381432
1.5501030000000304e-06	-3.5218664256095664
1.5501040000000304e-06	-3.522142221048616
1.5501050000000304e-06	-3.522414807041374
1.5501060000000304e-06	-3.522684060902221
1.5501070000000305e-06	-3.5229498609294008
1.5501080000000305e-06	-3.523212086459966
1.5501090000000305e-06	-3.523470617924989
1.5501100000000305e-06	-3.523725336905347
1.5501110000000306e-06	-3.5239761261869686
1.5501120000000306e-06	-3.5242228698165197
1.5501130000000306e-06	-3.524465453157105
1.5501140000000307e-06	-3.524703762943835
1.5501150000000307e-06	-3.5249376873396185
1.5501160000000307e-06	-3.525167115990935
1.5501170000000307e-06	-3.525391940083403
1.5501180000000308e-06	-3.5256120523975536
1.5501190000000308e-06	-3.5258273473641606
1.5501200000000308e-06	-3.526037721120097
1.5501210000000309e-06	-3.526243071563335
1.5501220000000309e-06	-3.5264432984086787
1.550123000000031e-06	-3.5266383032424202
1.550124000000031e-06	-3.5268279895775825
1.550125000000031e-06	-3.527012262908515
1.550126000000031e-06	-3.5271910307655077
1.550127000000031e-06	-3.5273642027690997
1.550128000000031e-06	-3.527531690683933
1.550129000000031e-06	-3.5276934084727545
1.550130000000031e-06	-3.5278492723495476
1.5501310000000311e-06	-3.5279992008328476
1.5501320000000312e-06	-3.528143114798143
1.5501330000000312e-06	-3.5282809375304733
1.5501340000000312e-06	-3.528412594776167
1.5501350000000312e-06	-3.528538014794078
1.5501360000000313e-06	-3.5286571284069987
1.5501370000000313e-06	-3.5287698690515583
1.5501380000000313e-06	-3.5288761728283946
1.5501390000000313e-06	-3.528975978551527
1.5501400000000314e-06	-3.5290692277968763
1.5501410000000314e-06	-3.529155864950506
1.5501420000000314e-06	-3.5292358372560413
1.5501430000000315e-06	-3.5293090948613193
1.5501440000000315e-06	-3.529375590864521
1.5501450000000315e-06	-3.5294352813593806
1.5501460000000315e-06	-3.5294881254796646
1.5501470000000316e-06	-3.5295340854428305
1.5501480000000316e-06	-3.529573126592838
1.5501490000000316e-06	-3.5296052174419934
1.5501500000000317e-06	-3.529630329712007
1.5501510000000317e-06	-3.5296484383741085
1.5501520000000317e-06	-3.52965952168784
1.5501530000000317e-06	-3.529663561239242
1.5501540000000318e-06	-3.52966054197783
1.5501550000000318e-06	-3.5296504522521617
1.5501560000000318e-06	-3.529633283844941
1.5501570000000318e-06	-3.529609032006224
1.5501580000000319e-06	-3.5295776954857923
1.550159000000032e-06	-3.529539276564386
1.550160000000032e-06	-3.529493781083255
1.550161000000032e-06	-3.529441218472689
1.550162000000032e-06	-3.5293816017792325
1.550163000000032e-06	-3.5293149476909886
1.550164000000032e-06	-3.5292412765623897
1.550165000000032e-06	-3.52916061243638
1.550166000000032e-06	-3.529072983066081
1.5501670000000321e-06	-3.528978419934151
1.5501680000000321e-06	-3.528876958271134
1.5501690000000322e-06	-3.528768637071515
1.5501700000000322e-06	-3.5286534991086844
1.5501710000000322e-06	-3.5285315909479866
1.5501720000000323e-06	-3.528402962957771
1.5501730000000323e-06	-3.5282676693189927
1.5501740000000323e-06	-3.5281257680326448
1.5501750000000323e-06	-3.5279773209256566
1.5501760000000324e-06	-3.527822393654424
1.5501770000000324e-06	-3.5276610557068637
1.5501780000000324e-06	-3.527493380401986
1.5501790000000325e-06	-3.5273194448878735
1.5501800000000325e-06	-3.527139330137079
1.5501810000000325e-06	-3.5269531209403664
1.5501820000000325e-06	-3.5267609058980036
1.5501830000000326e-06	-3.526562777408772
1.5501840000000326e-06	-3.5263588316571495
1.5501850000000326e-06	-3.5261491685977218
1.5501860000000326e-06	-3.5259338919374716
1.5501870000000327e-06	-3.525713109115798
1.5501880000000327e-06	-3.5254869312819332
1.5501890000000327e-06	-3.525255473270208
1.5501900000000328e-06	-3.5250188535724263
1.5501910000000328e-06	-3.524777194308108
1.5501920000000328e-06	-3.5245306211920036
1.5501930000000328e-06	-3.524279263499145
1.5501940000000329e-06	-3.5240232540269956
1.5501950000000329e-06	-3.5237627290554387
1.550196000000033e-06	-3.523497828303515
1.550197000000033e-06	-3.523228694884011
1.550198000000033e-06	-3.5229554752548564
1.550199000000033e-06	-3.5226783191680004
1.550200000000033e-06	-3.5223973796153842
1.550201000000033e-06	-3.5221128127721126
1.550202000000033e-06	-3.521824777936958
1.5502030000000331e-06	-3.5215334374695804
1.5502040000000331e-06	-3.52123895672526
1.5502050000000332e-06	-3.5209415039864336
1.5502060000000332e-06	-3.520641250391529
1.5502070000000332e-06	-3.5203383698606485
1.5502080000000333e-06	-3.520033039018309
1.5502090000000333e-06	-3.519725437113393
1.5502100000000333e-06	-3.519415745935814
1.5502110000000333e-06	-3.5191041497303157
1.5502120000000334e-06	-3.518790835107362
1.5502130000000334e-06	-3.5184759909507903
1.5502140000000334e-06	-3.51815980832255
1.5502150000000334e-06	-3.5178424803644557
1.5502160000000335e-06	-3.5175242021968653
1.5502170000000335e-06	-3.517205170814118
1.5502180000000335e-06	-3.5168855849775293
1.5502190000000336e-06	-3.5165656451046896
1.5502200000000336e-06	-3.5162455531560832
1.5502210000000336e-06	-3.515925512519034
1.5502220000000336e-06	-3.515605727887949
1.5502230000000337e-06	-3.5152864051421777
1.5502240000000337e-06	-3.51496775122098
1.5502250000000337e-06	-3.5146499739951045
1.5502260000000337e-06	-3.514333282135898
1.5502270000000338e-06	-3.514017884981557
1.5502280000000338e-06	-3.5137039924003073
1.5502290000000338e-06	-3.5133918146511727
1.5502300000000339e-06	-3.5130815622417537
1.5502310000000339e-06	-3.512773445783473
1.550232000000034e-06	-3.512467675844024
1.550233000000034e-06	-3.5121644627976414
1.550234000000034e-06	-3.5118640166724573
1.550235000000034e-06	-3.511566546995597
1.550236000000034e-06	-3.511272262635916
1.550237000000034e-06	-3.510981371644357
1.550238000000034e-06	-3.5106940810921423
1.5502390000000341e-06	-3.510410596907017
1.5502400000000341e-06	-3.510131123706897
1.5502410000000342e-06	-3.5098558646322293
1.5502420000000342e-06	-3.5095850211760937
1.5502430000000342e-06	-3.509318793012384
1.5502440000000342e-06	-3.509057377822969
1.5502450000000343e-06	-3.50880097112252
1.5502460000000343e-06	-3.508549766082738
1.5502470000000343e-06	-3.50830395335463
1.5502480000000344e-06	-3.508063720889654
1.5502490000000344e-06	-3.507829253760408
1.5502500000000344e-06	-3.5076007339798982
1.5502510000000344e-06	-3.507378340320205
1.5502520000000345e-06	-3.5071622481303377
1.5502530000000345e-06	-3.5069526291543935
1.5502540000000345e-06	-3.5067496513484633
1.5502550000000346e-06	-3.506553478698133
1.5502560000000346e-06	-3.506364271035788
1.5502570000000346e-06	-3.5061821838582885
1.5502580000000346e-06	-3.50600736814513
1.5502590000000347e-06	-3.5058399701769516
1.5502600000000347e-06	-3.5056801313553843
1.5502610000000347e-06	-3.5055279880236636
1.5502620000000347e-06	-3.5053836712885715
1.5502630000000348e-06	-3.5052473068440393
1.5502640000000348e-06	-3.505119014796266
1.5502650000000348e-06	-3.5049989094910314
1.5502660000000349e-06	-3.504887099343328
1.5502670000000349e-06	-3.504783686669119
1.550268000000035e-06	-3.5046887675202254
1.550269000000035e-06	-3.504602431522092
1.550270000000035e-06	-3.5045247617148916
1.550271000000035e-06	-3.504455834398237
1.550272000000035e-06	-3.504395718979901
1.550273000000035e-06	-3.504344477828371
1.550274000000035e-06	-3.504302166130212
1.550275000000035e-06	-3.5042688317525563
1.5502760000000351e-06	-3.5042445151099133
1.5502770000000352e-06	-3.5042292490372846
1.5502780000000352e-06	-3.5042230586686784
1.5502790000000352e-06	-3.504225961322025
1.5502800000000352e-06	-3.5042379663905954
1.5502810000000353e-06	-3.5042590752411207
1.5502820000000353e-06	-3.5042892811196866
1.5502830000000353e-06	-3.5043285690649535
1.5502840000000354e-06	-3.504376915829599
1.5502850000000354e-06	-3.504434289810343
1.5502860000000354e-06	-3.5045006509868246
1.5502870000000354e-06	-3.5045759508696914
1.5502880000000355e-06	-3.5046601324589504
1.5502890000000355e-06	-3.5047531302119435
1.5502900000000355e-06	-3.504854870022644
1.5502910000000355e-06	-3.5049652692116013
1.5502920000000356e-06	-3.505084236527922
1.5502930000000356e-06	-3.505211672163075
1.5502940000000356e-06	-3.505347467777737
1.5502950000000357e-06	-3.5054915065412997
1.5502960000000357e-06	-3.5056436631856167
1.5502970000000357e-06	-3.5058038040724075
1.5502980000000357e-06	-3.5059717872758283
1.5502990000000358e-06	-3.5061474626801252
1.5503000000000358e-06	-3.5063306720933762
1.5503010000000358e-06	-3.5065212493775015
1.5503020000000358e-06	-3.5067190205954013
1.5503030000000359e-06	-3.506923804175957
1.550304000000036e-06	-3.507135411096887
1.550305000000036e-06	-3.507353645087068
1.550306000000036e-06	-3.5075783028479233
1.550307000000036e-06	-3.507809174295351
1.550308000000036e-06	-3.508046042822595
1.550309000000036e-06	-3.508288685584483
1.550310000000036e-06	-3.50853687380401
1.550311000000036e-06	-3.508790373102105
1.5503120000000361e-06	-3.509048943851102
1.5503130000000362e-06	-3.509312341552586
1.5503140000000362e-06	-3.509580317240515
1.5503150000000362e-06	-3.5098526179106324
1.5503160000000362e-06	-3.5101289869764782
1.5503170000000363e-06	-3.5104091647531184
1.5503180000000363e-06	-3.510692888969475
1.5503190000000363e-06	-3.5109798953098936
1.5503200000000363e-06	-3.5112699179859708
1.5503210000000364e-06	-3.511562690339774
1.5503220000000364e-06	-3.5118579454783756
1.5503230000000364e-06	-3.5121554169421394
1.5503240000000365e-06	-3.512454839406361
1.5503250000000365e-06	-3.512755949418225
1.5503260000000365e-06	-3.513058486168983
1.5503270000000365e-06	-3.5133621923036755
1.5503280000000366e-06	-3.513666814768328
1.5503290000000366e-06	-3.513972105696224
1.5503300000000366e-06	-3.5142778233342593
1.5503310000000366e-06	-3.514583733010249
1.5503320000000367e-06	-3.5148896081427825
1.5503330000000367e-06	-3.51519523129405
1.5503340000000367e-06	-3.5155003952676345
1.5503350000000368e-06	-3.515804904251772
1.5503360000000368e-06	-3.5161085750096666
1.5503370000000368e-06	-3.5164112381180317
1.5503380000000368e-06	-3.5167127392550968
1.5503390000000369e-06	-3.517012940539251
1.550340000000037e-06	-3.5173117219198065
1.550341000000037e-06	-3.5176089826212786
1.550342000000037e-06	-3.5179046426422023
1.550343000000037e-06	-3.5181986443099444
1.550344000000037e-06	-3.5184909538935374
1.550345000000037e-06	-3.518781563275084
1.550346000000037e-06	-3.5190704916814335
1.550347000000037e-06	-3.5193577874779924
1.5503480000000371e-06	-3.519643530025754
1.5503490000000371e-06	-3.5199278316031366
1.5503500000000372e-06	-3.520210839394091
1.5503510000000372e-06	-3.520492737544339
1.5503520000000372e-06	-3.5207737492866857
1.5503530000000373e-06	-3.521054139137501
1.5503540000000373e-06	-3.5213342151659255
1.5503550000000373e-06	-3.5216143313367025
1.5503560000000373e-06	-3.5218948899290865
1.5503570000000374e-06	-3.5221763440329874
1.5503580000000374e-06	-3.522459200123778
1.5503590000000374e-06	-3.5227440207175764
1.5503600000000374e-06	-3.5230314271084855
1.5503610000000375e-06	-3.5233221021893613
1.5503620000000375e-06	-3.5236167933575153
1.5503630000000375e-06	-3.52391631550687
1.5503640000000376e-06	-3.524221554108178
1.5503650000000376e-06	-3.524533468378588
1.5503660000000376e-06	-3.524853094541677
1.5503670000000376e-06	-3.5251815491799943
1.5503680000000377e-06	-3.525520032680514
1.5503690000000377e-06	-3.525869832774617
1.5503700000000377e-06	-3.526232328173729
1.5503710000000378e-06	-3.526608992301405
1.5503720000000378e-06	-3.5270013971230894
1.5503730000000378e-06	-3.5274112170738112
1.5503740000000378e-06	-3.5278402330846474
1.5503750000000379e-06	-3.5282903367090954
1.5503760000000379e-06	-3.5287635343486223
1.550377000000038e-06	-3.52926195157805
1.550378000000038e-06	-3.5297878375713516
1.550379000000038e-06	-3.5303435696260927
1.550380000000038e-06	-3.530931657787673
1.550381000000038e-06	-3.531554749571553
1.550382000000038e-06	-3.53221563478275
1.550383000000038e-06	-3.5329172504315354
1.5503840000000381e-06	-3.5336626857431392
1.5503850000000381e-06	-3.5344551872599768
1.5503860000000382e-06	-3.53529816403378
1.5503870000000382e-06	-3.536195192904723
1.5503880000000382e-06	-3.5371500238645996
1.5503890000000382e-06	-3.5381665854999933
1.5503900000000383e-06	-3.5392489905117177
1.5503910000000383e-06	-3.5404015413050187
1.5503920000000383e-06	-3.541628735646167
1.5503930000000384e-06	-3.5429352723785295
1.5503940000000384e-06	-3.5443260571921735
1.5503950000000384e-06	-3.5458062084394646
1.5503960000000384e-06	-3.547381062988722
1.5503970000000385e-06	-3.5490561821069773
1.5503980000000385e-06	-3.5508373573624947
1.5503990000000385e-06	-3.552730616535895
1.5504000000000386e-06	-3.5547422295297753
1.5504010000000386e-06	-3.5568787142629485
1.5504020000000386e-06	-3.559146842537318
1.5504030000000386e-06	-3.561553645861709
1.5504040000000387e-06	-3.564106421218787
1.5504050000000387e-06	-3.566812736757123
1.5504060000000387e-06	-3.5696804373910944
1.5504070000000387e-06	-3.5727176502902718
1.5504080000000388e-06	-3.5759327902371214
1.5504090000000388e-06	-3.5793345648324637
1.5504100000000388e-06	-3.5829319795257515
1.5504110000000389e-06	-3.586734342445368
1.5504120000000389e-06	-3.590751269004881
1.550413000000039e-06	-3.5949926862573944
1.550414000000039e-06	-3.599468836970371
1.550415000000039e-06	-3.604190283391322
1.550416000000039e-06	-3.60916791067353
1.550417000000039e-06	-3.614412929929866
1.550418000000039e-06	-3.619936880880599
1.550419000000039e-06	-3.6257516340610407
1.550420000000039e-06	-3.631869392552791
1.5504210000000391e-06	-3.638302693201516
1.5504220000000392e-06	-3.645064407282532
1.5504230000000392e-06	-3.652167740575776
1.5504240000000392e-06	-3.659626232809443
1.5504250000000392e-06	-3.667453756431614
1.5504260000000393e-06	-3.6756645146682883
1.5504270000000393e-06	-3.68427303882633
1.5504280000000393e-06	-3.6932941847985012
1.5504290000000394e-06	-3.7027431287289083
1.5504300000000394e-06	-3.7126353617964076
1.5504310000000394e-06	-3.722986684075072
1.5504320000000394e-06	-3.7338131974296287
1.5504330000000395e-06	-3.7451312974075086
1.5504340000000395e-06	-3.7569576640871216
1.5504350000000395e-06	-3.7693092518473774
1.5504360000000395e-06	-3.7822032780215844
1.5504370000000396e-06	-3.7956572104047237
1.5504380000000396e-06	-3.8096887535833845
1.5504390000000396e-06	-3.824315834062366
1.5504400000000397e-06	-3.8395565841639456
1.5504410000000397e-06	-3.8554293246826004
1.5504420000000397e-06	-3.871952546278828
1.5504430000000397e-06	-3.889144889603818
1.5504440000000398e-06	-3.9070251241503513
1.5504450000000398e-06	-3.925612125831387
1.5504460000000398e-06	-3.944924853294344
1.5504470000000399e-06	-3.964982322985922
1.5504480000000399e-06	-3.985803582988474
1.55044900000004e-06	-4.00740768565671
1.55045000000004e-06	-4.0298136590921985
1.55045100000004e-06	-4.0530404774994615
1.55045200000004e-06	-4.077107030476852
1.55045300000004e-06	-4.102032091303476
1.55045400000004e-06	-4.127834284292128
1.55045500000004e-06	-4.1545320512864965
1.55045600000004e-06	-4.182143617389555
1.5504570000000401e-06	-4.210686956019451
1.5504580000000402e-06	-4.240179753395228
1.5504590000000402e-06	-4.270639372566104
1.5504600000000402e-06	-4.302082817102614
1.5504610000000402e-06	-4.334526694576971
1.5504620000000403e-06	-4.367987179965807
1.5504630000000403e-06	-4.402479979116325
1.5504640000000403e-06	-4.438020292418344
1.5504650000000403e-06	-4.474622778834726
1.5504660000000404e-06	-4.512301520440816
1.5504670000000404e-06	-4.551069987630804
1.5504680000000404e-06	-4.5909410051469965
1.5504690000000405e-06	-4.6319267190905675
1.5504700000000405e-06	-4.674038565071781
1.5504710000000405e-06	-4.717287237653655
1.5504720000000405e-06	-4.761682661243168
1.5504730000000406e-06	-4.807233962577004
1.5504740000000406e-06	-4.853949444944571
1.5504750000000406e-06	-4.901836564284767
1.5504760000000407e-06	-4.950901907283257
1.5504770000000407e-06	-5.001151171589821
1.5504780000000407e-06	-5.052589148263856
1.5504790000000407e-06	-5.105219706545557
1.5504800000000408e-06	-5.1590457810378485
1.5504810000000408e-06	-5.214069361371508
1.5504820000000408e-06	-5.270291484411799
1.5504830000000408e-06	-5.327712229052316
1.5504840000000409e-06	-5.3863307136238925
1.550485000000041e-06	-5.446145095936069
1.550486000000041e-06	-5.507152575948732
1.550487000000041e-06	-5.569349401061058
1.550488000000041e-06	-5.632730873985805
1.550489000000041e-06	-5.697291363166253
1.550490000000041e-06	-5.763024315675577
1.550491000000041e-06	-5.829922272527176
1.550492000000041e-06	-5.897976886310373
1.5504930000000411e-06	-5.967178941054638
1.5504940000000411e-06	-6.037518374213296
1.5504950000000412e-06	-6.108984300647878
1.5504960000000412e-06	-6.181565038486183
1.5504970000000412e-06	-6.255248136717858
1.5504980000000413e-06	-6.330020404383873
1.5504990000000413e-06	-6.405867941214335
1.5505000000000413e-06	-6.482776169559514
1.5505010000000413e-06	-6.560729867460382
1.5505020000000414e-06	-6.639713202701252
1.5505030000000414e-06	-6.719709767685509
1.5505040000000414e-06	-6.800702614978088
1.5505050000000415e-06	-6.882674293359168
1.5505060000000415e-06	-6.96560688423414
1.5505070000000415e-06	-7.049482038252824
1.5505080000000415e-06	-7.134281011991389
1.5505090000000416e-06	-7.21998470455768
1.5505100000000416e-06	-7.306573693987152
1.5505110000000416e-06	-7.394028273301757
1.5505120000000416e-06	-7.482328486113136
1.5505130000000417e-06	-7.571454161657546
1.5505140000000417e-06	-7.66138494915952
1.5505150000000417e-06	-7.752100351428076
1.5505160000000418e-06	-7.843579757599281
1.5505170000000418e-06	-7.935802474946398
1.5505180000000418e-06	-8.02874775968789
1.5505190000000418e-06	-8.122394846732204
1.5505200000000419e-06	-8.216722978306974
1.5505210000000419e-06	-8.311711431426804
1.550522000000042e-06	-8.407339544165053
1.550523000000042e-06	-8.503586740698877
1.550524000000042e-06	-8.600432555107314
1.550525000000042e-06	-8.697856653907914
1.550526000000042e-06	-8.795838857323224
1.550527000000042e-06	-8.8943591592766
1.550528000000042e-06	-8.993397746121246
1.5505290000000421e-06	-9.092935014111754
1.5505300000000421e-06	-9.19295158563308
1.5505310000000422e-06	-9.29342832420576
1.5505320000000422e-06	-9.39434634829041
1.5505330000000422e-06	-9.49568704391821
1.5505340000000423e-06	-9.597432076176828
1.5505350000000423e-06	-9.69956339958494
1.5505360000000423e-06	-9.802063267389995
1.5505370000000423e-06	-9.90491423982585
1.5505380000000424e-06	-10.00809919136945
1.5505390000000424e-06	-10.111601317036191
1.5505400000000424e-06	-10.215404137754495
1.5505410000000424e-06	-10.319491504862231
1.5505420000000425e-06	-10.42384760376548
1.5505430000000425e-06	-10.528456956803007
1.5505440000000425e-06	-10.633304425358459
1.5505450000000426e-06	-10.738375211261479
1.5505460000000426e-06	-10.843654857519862
1.5505470000000426e-06	-10.94912924842305
1.5505480000000426e-06	-11.054784609057632
1.5505490000000427e-06	-11.16060750427331
1.5505500000000427e-06	-11.266584837137898
1.5505510000000427e-06	-11.37270384691881
1.5505520000000427e-06	-11.478952106626114
1.5505530000000428e-06	-11.585317520152492
1.5505540000000428e-06	-11.691788319043383
1.5505550000000428e-06	-11.79835305892917
1.5505560000000429e-06	-11.90500061565058
1.5505570000000429e-06	-12.011720181106345
1.550558000000043e-06	-12.118501258851273
1.550559000000043e-06	-12.225333659471433
1.550560000000043e-06	-12.3322074957614
1.550561000000043e-06	-12.43911317772838
1.550562000000043e-06	-12.54604140744452
1.550563000000043e-06	-12.65298317377016
1.550564000000043e-06	-12.759929746966455
1.5505650000000431e-06	-12.866872673218317
1.5505660000000431e-06	-12.973803769082743
1.5505670000000432e-06	-13.08071511588118
1.5505680000000432e-06	-13.187599054049926
1.5505690000000432e-06	-13.294448177463343
1.5505700000000432e-06	-13.401255327742884
1.5505710000000433e-06	-13.508013588564259
1.5505720000000433e-06	-13.614716279973848
1.5505730000000433e-06	-13.721356952724959
1.5505740000000434e-06	-13.82792938264309
1.5505750000000434e-06	-13.934427565028894
1.5505760000000434e-06	-14.04084570910721
1.5505770000000434e-06	-14.147178232528637
1.5505780000000435e-06	-14.25341975593051
1.5505790000000435e-06	-14.35956509756289
1.5505800000000435e-06	-14.465609267985041
1.5505810000000435e-06	-14.57154746483645
1.5505820000000436e-06	-14.677375067687137
1.5505830000000436e-06	-14.783087632970355
1.5505840000000436e-06	-14.888680889000677
1.5505850000000437e-06	-14.994150731080516
1.5505860000000437e-06	-15.099493216697073
1.5505870000000437e-06	-15.2047045608116
1.5505880000000437e-06	-15.309781131242165
1.5505890000000438e-06	-15.414719444141848
1.5505900000000438e-06	-15.519516159572449
1.5505910000000438e-06	-15.624168077174625
1.5505920000000439e-06	-15.728672131934932
1.5505930000000439e-06	-15.83302539004947
1.550594000000044e-06	-15.937225044884475
1.550595000000044e-06	-16.041268413033283
1.550596000000044e-06	-16.145152930469145
1.550597000000044e-06	-16.248876148793276
1.550598000000044e-06	-16.352435731577692
1.550599000000044e-06	-16.45582945080108
1.550600000000044e-06	-16.559055183378067
1.550601000000044e-06	-16.66211090777867
1.5506020000000441e-06	-16.764994700739017
1.5506030000000442e-06	-16.86770473406026
1.5506040000000442e-06	-16.97023927149525
1.5506050000000442e-06	-17.072596665720845
1.5506060000000442e-06	-17.174775355395106
1.5506070000000443e-06	-17.276773862297187
1.5506080000000443e-06	-17.378590788548838
1.5506090000000443e-06	-17.48022481391532
1.5506100000000443e-06	-17.58167469318476
1.5506110000000444e-06	-17.682939253623747
1.5506120000000444e-06	-17.784017392508083
1.5506130000000444e-06	-17.884908074726
1.5506140000000445e-06	-17.985610330453685
1.5506150000000445e-06	-18.086123252899927
1.5506160000000445e-06	-18.186445996119126
1.5506170000000445e-06	-18.2865777728907
1.5506180000000446e-06	-18.38651785266347
1.5506190000000446e-06	-18.486265559562856
1.5506200000000446e-06	-18.585820270459912
1.5506210000000447e-06	-18.685181413100164
1.5506220000000447e-06	-18.784348464290904
1.5506230000000447e-06	-18.88332094814502
1.5506240000000447e-06	-18.982098434380394
1.5506250000000448e-06	-19.080680536672855
1.5506260000000448e-06	-19.17906691106139
1.5506270000000448e-06	-19.27725725440422
1.5506280000000448e-06	-19.375251302884106
1.5506290000000449e-06	-19.473048830561687
1.550630000000045e-06	-19.570649647975422
1.550631000000045e-06	-19.668053600786603
1.550632000000045e-06	-19.765260568468406
1.550633000000045e-06	-19.862270463037476
1.550634000000045e-06	-19.95908322782673
1.550635000000045e-06	-20.055698836298678
1.550636000000045e-06	-20.15211729089711
1.550637000000045e-06	-20.2483386219369
1.5506380000000451e-06	-20.34436288653027
1.5506390000000452e-06	-20.440190167548433
1.5506400000000452e-06	-20.535820572617848
1.5506410000000452e-06	-20.63125423314956
1.5506420000000452e-06	-20.72649130340092
1.5506430000000453e-06	-20.82153195956871
1.5506440000000453e-06	-20.916376398912405
1.5506450000000453e-06	-21.01102483890689
1.5506460000000453e-06	-21.10547751642354
1.5506470000000454e-06	-21.199734686939138
1.5506480000000454e-06	-21.293796623770803
1.5506490000000454e-06	-21.38766361733765
1.5506500000000455e-06	-21.481335974446694
1.5506510000000455e-06	-21.57481401760326
1.5506520000000455e-06	-21.668098084344898
1.5506530000000455e-06	-21.761188526597813
1.5506540000000456e-06	-21.854085710055383
1.5506550000000456e-06	-21.94679001357771
1.5506560000000456e-06	-22.039301828612025
1.5506570000000456e-06	-22.131621558632713
1.5506580000000457e-06	-22.2237496186007
1.5506590000000457e-06	-22.31568643444146
1.5506600000000457e-06	-22.407432442541015
1.5506610000000458e-06	-22.49898808925929
1.5506620000000458e-06	-22.59035383046044
1.5506630000000458e-06	-22.681530131059375
1.5506640000000458e-06	-22.77251746458418
1.5506650000000459e-06	-22.8633163127536
1.550666000000046e-06	-22.953927165069416
1.550667000000046e-06	-23.044350518422924
1.550668000000046e-06	-23.13458687671554
1.550669000000046e-06	-23.22463675049228
1.550670000000046e-06	-23.31450065658847
1.550671000000046e-06	-23.404179117788782
1.550672000000046e-06	-23.493672662498426
1.550673000000046e-06	-23.582981824425854
1.5506740000000461e-06	-23.672107142276822
1.5506750000000461e-06	-23.761049159459326
1.5506760000000462e-06	-23.849808423799086
1.5506770000000462e-06	-23.93838548726525
1.5506780000000462e-06	-24.0267809057057
1.5506790000000463e-06	-24.11499523859233
1.5506800000000463e-06	-24.20302904877492
1.5506810000000463e-06	-24.290882902244565
1.5506820000000463e-06	-24.378557367905074
1.5506830000000464e-06	-24.46605301735307
1.5506840000000464e-06	-24.553370424666042
1.5506850000000464e-06	-24.640510166197988
1.5506860000000464e-06	-24.727472820382758
1.5506870000000465e-06	-24.814258967544525
1.5506880000000465e-06	-24.900869189715404
1.5506890000000465e-06	-24.98730407045953
1.5506900000000466e-06	-25.073564194703945
1.5506910000000466e-06	-25.15965014857595
1.5506920000000466e-06	-25.24556251924598
1.5506930000000466e-06	-25.331301894777056
1.5506940000000467e-06	-25.416868863979467
1.5506950000000467e-06	-25.502264016271205
1.5506960000000467e-06	-25.587487941543557
1.5506970000000468e-06	-25.672541230032078
1.5506980000000468e-06	-25.75742447219229
1.5506990000000468e-06	-25.842138258580285
1.5507000000000468e-06	-25.92668317973802
1.5507010000000469e-06	-26.011059826082956
1.5507020000000469e-06	-26.095268787802276
1.550703000000047e-06	-26.179310654750992
1.550704000000047e-06	-26.2631860163542
1.550705000000047e-06	-26.346895461513476
1.550706000000047e-06	-26.430439578516626
1.550707000000047e-06	-26.51381895495141
1.550708000000047e-06	-26.59703417762266
1.550709000000047e-06	-26.680085832472827
1.5507100000000471e-06	-26.762974504505674
1.5507110000000471e-06	-26.845700777713528
1.5507120000000472e-06	-26.928265235007043
1.5507130000000472e-06	-27.01066845814845
1.5507140000000472e-06	-27.09291102768722
1.5507150000000472e-06	-27.17499352289896
1.5507160000000473e-06	-27.256916521726424
1.5507170000000473e-06	-27.338680600723606
1.5507180000000473e-06	-27.420286335002032
1.5507190000000474e-06	-27.501734298179542
1.5507200000000474e-06	-27.583025062331217
1.5507210000000474e-06	-27.664159197942993
1.5507220000000474e-06	-27.74513727386688
1.5507230000000475e-06	-27.82595985727859
1.5507240000000475e-06	-27.906627513637254
1.5507250000000475e-06	-27.987140806646735
1.5507260000000476e-06	-28.0675002982192
1.5507270000000476e-06	-28.147706548440237
1.5507280000000476e-06	-28.22776011553576
1.5507290000000476e-06	-28.30766155584085
1.5507300000000477e-06	-28.387411423769848
1.5507310000000477e-06	-28.467010271788187
1.5507320000000477e-06	-28.54645865038599
1.5507330000000477e-06	-28.625757108052557
1.5507340000000478e-06	-28.704906191252842
1.5507350000000478e-06	-28.783906444405023
1.5507360000000478e-06	-28.862758409859197
1.5507370000000479e-06	-28.941462627877904
1.5507380000000479e-06	-29.020019636617185
1.550739000000048e-06	-29.098429972109376
1.550740000000048e-06	-29.176694168246755
1.550741000000048e-06	-29.25481275676627
1.550742000000048e-06	-29.332786267235534
1.550743000000048e-06	-29.410615227039614
1.550744000000048e-06	-29.48830016136889
1.550745000000048e-06	-29.5658415932079
1.550746000000048e-06	-29.643240043325036
1.5507470000000481e-06	-29.720496030263142
1.5507480000000482e-06	-29.79761007033094
1.5507490000000482e-06	-29.874582677595313
1.5507500000000482e-06	-29.951414363874306
1.5507510000000482e-06	-30.028105638730946
1.5507520000000483e-06	-30.104657009467786
1.5507530000000483e-06	-30.181068981122067
1.5507540000000483e-06	-30.25734205646166
1.5507550000000484e-06	-30.333476735981634
1.5507560000000484e-06	-30.40947351790138
1.5507570000000484e-06	-30.48533289816236
1.5507580000000484e-06	-30.56105537042656
1.5507590000000485e-06	-30.636641426075315
1.5507600000000485e-06	-30.712091554208733
1.5507610000000485e-06	-30.787406241645755
1.5507620000000485e-06	-30.86258597292445
1.5507630000000486e-06	-30.937631230303076
1.5507640000000486e-06	-31.012542493761348
1.5507650000000486e-06	-31.087320241002374
1.5507660000000487e-06	-31.161964947454784
1.5507670000000487e-06	-31.236477086275404
1.5507680000000487e-06	-31.31085712835229
1.5507690000000487e-06	-31.385105542308125
1.5507700000000488e-06	-31.459222794503958
1.5507710000000488e-06	-31.533209349043368
1.5507720000000488e-06	-31.607065667776702
1.5507730000000488e-06	-31.680792210306087
1.5507740000000489e-06	-31.754389433990212
1.550775000000049e-06	-31.827857793949782
1.550776000000049e-06	-31.901197743073084
1.550777000000049e-06	-31.97440973202189
1.550778000000049e-06	-32.047494209237485
1.550779000000049e-06	-32.12045162094708
1.550780000000049e-06	-32.193282411170365
1.550781000000049e-06	-32.26598702172637
1.550782000000049e-06	-32.33856589224037
1.5507830000000491e-06	-32.41101946015119
1.5507840000000492e-06	-32.483348160718556
1.5507850000000492e-06	-32.55555242703065
1.5507860000000492e-06	-32.627632690011986
1.5507870000000492e-06	-32.699589378431135
1.5507880000000493e-06	-32.77142291890891
1.5507890000000493e-06	-32.84313373592663
1.5507900000000493e-06	-32.91472225183432
1.5507910000000493e-06	-32.986188886859324
1.5507920000000494e-06	-33.05753405911491
1.5507930000000494e-06	-33.128758184608984
1.5507940000000494e-06	-33.19986167725284
1.5507950000000495e-06	-33.270844948870334
1.5507960000000495e-06	-33.34170840920669
1.5507970000000495e-06	-33.412452465937726
1.5507980000000495e-06	-33.48307752467921
1.5507990000000496e-06	-33.553583988995975
1.5508000000000496e-06	-33.6239722604114
1.5508010000000496e-06	-33.69424273841693
1.5508020000000496e-06	-33.76439582048143
1.5508030000000497e-06	-33.83443190206099
1.5508040000000497e-06	-33.90435137660836
1.5508050000000497e-06	-33.97415463558279
1.5508060000000498e-06	-34.04384206845971
1.5508070000000498e-06	-34.11341406274053
1.5508080000000498e-06	-34.18287100396248
1.5508090000000498e-06	-34.25221327570842
1.5508100000000499e-06	-34.32144125961684
1.55081100000005e-06	-34.390555335391745
1.55081200000005e-06	-34.4595558808125
1.55081300000005e-06	-34.528443271743974
1.55081400000005e-06	-34.59721788214641
1.55081500000005e-06	-34.66588008408547
1.55081600000005e-06	-34.73443024774232
1.55081700000005e-06	-34.802868741423495
1.55081800000005e-06	-34.87119593157115
1.5508190000000501e-06	-34.93941218277297
1.5508200000000501e-06	-35.0075178577722
1.5508210000000502e-06	-35.07551331747775
1.5508220000000502e-06	-35.143398920974256
1.5508230000000502e-06	-35.21117502553207
1.5508240000000503e-06	-35.27884198661727
1.5508250000000503e-06	-35.34640015790173
1.5508260000000503e-06	-35.413849891273166
1.5508270000000503e-06	-35.481191536845
1.5508280000000504e-06	-35.54842544296647
1.5508290000000504e-06	-35.61555195623255
1.5508300000000504e-06	-35.68257142149389
1.5508310000000505e-06	-35.74948418186677
1.5508320000000505e-06	-35.816290578742915
1.5508330000000505e-06	-35.88299095179956
1.5508340000000505e-06	-35.94958563900913
1.5508350000000506e-06	-36.01607497664916
1.5508360000000506e-06	-36.08245929931207
1.5508370000000506e-06	-36.14873893991496
1.5508380000000506e-06	-36.21491422970935
1.5508390000000507e-06	-36.28098549829093
1.5508400000000507e-06	-36.34695307360914
1.5508410000000507e-06	-36.412817281976984
1.5508420000000508e-06	-36.478578448080505
1.5508430000000508e-06	-36.54423689498842
1.5508440000000508e-06	-36.60979294416171
1.5508450000000508e-06	-36.67524691546309
1.5508460000000509e-06	-36.740599127166455
1.5508470000000509e-06	-36.805849895966396
1.550848000000051e-06	-36.870999536987476
1.550849000000051e-06	-36.936048363793745
1.550850000000051e-06	-37.00099668839792
1.550851000000051e-06	-37.065844821270744
1.550852000000051e-06	-37.130593071350184
1.550853000000051e-06	-37.19524174605064
1.550854000000051e-06	-37.25979115127206
1.5508550000000511e-06	-37.324241591409134
1.5508560000000511e-06	-37.38859336936025
1.5508570000000512e-06	-37.4528467865366
1.5508580000000512e-06	-37.51700214287108
1.5508590000000512e-06	-37.58105973682733
1.5508600000000513e-06	-37.64501986540851
1.5508610000000513e-06	-37.70888282416618
1.5508620000000513e-06	-37.77264890720914
1.5508630000000513e-06	-37.83631840721209
1.5508640000000514e-06	-37.899891615424444
1.5508650000000514e-06	-37.96336882167886
1.5508660000000514e-06	-38.02675031439997
1.5508670000000514e-06	-38.09003638061289
1.5508680000000515e-06	-38.15322730595168
1.5508690000000515e-06	-38.21632337466792
1.5508700000000515e-06	-38.27932486963907
1.5508710000000516e-06	-38.34223207237684
1.5508720000000516e-06	-38.405045263035554
1.5508730000000516e-06	-38.467764720420384
1.5508740000000516e-06	-38.530390721995595
1.5508750000000517e-06	-38.592923543892766
1.5508760000000517e-06	-38.655363460918856
1.5508770000000517e-06	-38.717710746564364
1.5508780000000517e-06	-38.77996567301131
1.5508790000000518e-06	-38.84212851114127
1.5508800000000518e-06	-38.90419953054324
1.5508810000000518e-06	-38.96617899952167
1.5508820000000519e-06	-39.02806718510416
1.5508830000000519e-06	-39.08986435304939
1.550884000000052e-06	-39.15157076785475
1.550885000000052e-06	-39.21318669276416
1.550886000000052e-06	-39.274712389775644
1.550887000000052e-06	-39.33614811964895
1.550888000000052e-06	-39.397494141913164
1.550889000000052e-06	-39.45875071487413
1.550890000000052e-06	-39.519918095621996
1.5508910000000521e-06	-39.58099654003866
1.5508920000000521e-06	-39.64198630280499
1.5508930000000522e-06	-39.702887637408324
1.5508940000000522e-06	-39.76370079614964
1.5508950000000522e-06	-39.82442603015081
1.5508960000000522e-06	-39.885063589361806
1.5508970000000523e-06	-39.94561372256781
1.5508980000000523e-06	-40.00607667739632
1.5508990000000523e-06	-40.06645270032423
1.5509000000000524e-06	-40.12674203668471
1.5509010000000524e-06	-40.1869449306743
1.5509020000000524e-06	-40.24706162535978
1.5509030000000524e-06	-40.30709236268496
1.5509040000000525e-06	-40.367037383477545
1.5509050000000525e-06	-40.426896927455964
1.5509060000000525e-06	-40.486671233235995
1.5509070000000525e-06	-40.54636053833754
1.5509080000000526e-06	-40.60596507919114
1.5509090000000526e-06	-40.665485091144745
1.5509100000000526e-06	-40.72492080847009
1.5509110000000527e-06	-40.78427246436931
1.5509120000000527e-06	-40.843540290981366
1.5509130000000527e-06	-40.90272451938847
1.5509140000000527e-06	-40.96182537962244
1.5509150000000528e-06	-41.02084310067103
1.5509160000000528e-06	-41.079777910484275
1.5509170000000528e-06	-41.138630035980704
1.5509180000000529e-06	-41.1973997030535
1.5509190000000529e-06	-41.25608713657675
1.550920000000053e-06	-41.314692560411444
1.550921000000053e-06	-41.373216197411736
1.550922000000053e-06	-41.43165826943079
1.550923000000053e-06	-41.49001899732688
1.550924000000053e-06	-41.548298600969325
1.550925000000053e-06	-41.606497299244424
1.550926000000053e-06	-41.664615310061286
1.550927000000053e-06	-41.72265285035772
1.5509280000000531e-06	-41.780610136105935
1.5509290000000532e-06	-41.838487382318434
1.5509300000000532e-06	-41.89628480305362
1.5509310000000532e-06	-41.95400261142144
1.5509320000000532e-06	-42.01164101958919
1.5509330000000533e-06	-42.06920023878692
1.5509340000000533e-06	-42.12668047931313
1.5509350000000533e-06	-42.18408195054025
1.5509360000000533e-06	-42.24140486092001
1.5509370000000534e-06	-42.29864941798912
1.5509380000000534e-06	-42.355815828374475
1.5509390000000534e-06	-42.4129042977986
1.5509400000000535e-06	-42.46991503108497
1.5509410000000535e-06	-42.52684823216334
1.5509420000000535e-06	-42.58370410407493
1.5509430000000535e-06	-42.64048284897776
1.5509440000000536e-06	-42.69718466815168
1.5509450000000536e-06	-42.753809762003726
1.5509460000000536e-06	-42.810358330073015
1.5509470000000537e-06	-42.866830571036004
1.5509480000000537e-06	-42.923226682711395
1.5509490000000537e-06	-42.97954686206526
1.5509500000000537e-06	-43.03579130521598
1.5509510000000538e-06	-43.091960207439115
1.5509520000000538e-06	-43.148053763172385
1.5509530000000538e-06	-43.20407216602057
1.5509540000000538e-06	-43.26001560876024
1.5509550000000539e-06	-43.31588428334467
1.550956000000054e-06	-43.37167838090852
1.550957000000054e-06	-43.427398091772645
1.550958000000054e-06	-43.4830436054488
1.550959000000054e-06	-43.538615110644194
1.550960000000054e-06	-43.594112795266355
1.550961000000054e-06	-43.64953684642748
1.550962000000054e-06	-43.70488745044922
1.550963000000054e-06	-43.76016479286707
1.5509640000000541e-06	-43.81536905843507
1.5509650000000541e-06	-43.87050043113007
1.5509660000000542e-06	-43.92555909415631
1.5509670000000542e-06	-43.98054522994983
1.5509680000000542e-06	-44.03545902018284
1.5509690000000543e-06	-44.090300645768075
1.5509700000000543e-06	-44.14507028686316
1.5509710000000543e-06	-44.19976812287486
1.5509720000000543e-06	-44.254394332463335
1.5509730000000544e-06	-44.3089490935465
1.5509740000000544e-06	-44.3634325833041
1.5509750000000544e-06	-44.417844978182
1.5509760000000545e-06	-44.47218645389619
1.5509770000000545e-06	-44.526457185437096
1.5509780000000545e-06	-44.58065734707354
1.5509790000000545e-06	-44.63478711235689
1.5509800000000546e-06	-44.688846654125015
1.5509810000000546e-06	-44.74283614450637
1.5509820000000546e-06	-44.79675575492394
1.5509830000000546e-06	-44.85060565609926
1.5509840000000547e-06	-44.90438601805627
1.5509850000000547e-06	-44.958097010125215
1.5509860000000547e-06	-45.01173880094662
1.5509870000000548e-06	-45.06531155847501
1.5509880000000548e-06	-45.11881544998283
1.5509890000000548e-06	-45.17225064206423
1.5509900000000548e-06	-45.225617300638774
1.5509910000000549e-06	-45.278915590955236
1.550992000000055e-06	-45.332145677595335
1.550993000000055e-06	-45.385307724477386
1.550994000000055e-06	-45.43840189485999
1.550995000000055e-06	-45.491428351345704
1.550996000000055e-06	-45.54438725588459
1.550997000000055e-06	-45.59727876977789
1.550998000000055e-06	-45.650103053681555
1.550999000000055e-06	-45.702860267609786
1.5510000000000551e-06	-45.75555057093857
