0	[0.68685158 0.40615554 0.35410317 0.40436998 0.63771743]
1	[0.78512511 0.40122556 0.25142903 0.37234395 0.81386193]
2	[0.81121572 0.38302697 0.03189329 0.07634969 0.46201358]
3	[0.67927707 0.49242826 0.14589907 0.18381762 0.37753394]
4	[0.87156912 0.03370916 0.01937129 0.01743814 0.26859991]
5	[0.75932633 0.56225955 0.57031372 0.63383392 0.77046427]
6	[0.5476566  0.09672396 0.1371179  0.47185055 0.72415523]
7	[0.55091731 0.83115318 0.54399098 0.4641538  0.77390748]
8	[0.69273574 0.42008417 0.28407243 0.54700815 0.89810989]
9	[0.3698343  0.14423177 0.22560047 0.448917   0.792301  ]
10	[0.77338816 0.29378229 0.12445625 0.20717153 0.88591895]
11	[0.59500359 0.3204361  0.38027191 0.56255824 0.61991958]
12	[0.51787982 0.18028834 0.13180001 0.43909315 0.74014438]
13	[0.05331139 0.36914685 0.72458244 0.00641003 0.02865739]
14	[0.91832167 0.57670671 0.18746394 0.19447772 0.27987618]
15	[0.82085447 0.17995227 0.17374992 0.29451785 0.67600672]
16	[0.60777157 0.26227418 0.14520701 0.08332721 0.24846002]
17	[0.17556739 0.20319946 0.16647173 0.40584132 0.62528456]
18	[0.43112403 0.36403971 0.40835716 0.27277639 0.85152434]
19	[0.62386334 0.09635982 0.11686774 0.13319838 0.72430997]
20	[0.66205668 0.36090614 0.28976386 0.45340804 0.82646332]
21	[0.95886778 0.39640755 0.16328737 0.22437648 0.79018773]
22	[0.77993914 0.68412328 0.27744303 0.46907621 0.96522406]
23	[0.37579899 0.08590919 0.09361858 0.45660983 0.50683475]
24	[0.35886552 0.04479169 0.03052195 0.03033738 0.24425037]
25	[0.4454063  0.09324179 0.22015754 0.58278799 0.54623663]
26	[0.82137431 0.27883199 0.1101983  0.16079044 0.51740738]
27	[0.81501562 0.37468359 0.37727058 0.57665568 0.58020439]
28	[0.87799899 0.16287925 0.26909797 0.40135194 0.89864505]
29	[0.16027633 0.01172399 0.05201468 0.10627322 0.31157559]
30	[0.89295228 0.66228115 0.54834618 0.33442204 0.80460989]
31	[0.50559482 0.11844824 0.21453138 0.44052682 0.73387605]
32	[0.73375986 0.48741352 0.57623664 0.68998023 0.91174006]
33	[0.57349414 0.11755917 0.01521625 0.07058977 0.49088613]
34	[0.48475022 0.23950881 0.18639699 0.08948852 0.65159739]
35	[0.75668785 0.17494413 0.03121204 0.29044573 0.66411916]
36	[0.23127939 0.04413209 0.03166234 0.43406602 0.9912164 ]
37	[0.25680313 0.03883098 0.05067322 0.05361586 0.28185975]
38	[0.70354699 0.12071003 0.05624476 0.31914416 0.98021605]
39	[0.83896177 0.1868755  0.23824627 0.03428464 0.27985193]
40	[0.40941714 0.08490254 0.31141201 0.24193986 0.86844901]
41	[0.47955336 0.09828442 0.06814172 0.39740137 0.82188188]
42	[0.38608286 0.12621168 0.04974542 0.14172995 0.37680642]
43	[0.80111176 0.52958675 0.36634273 0.42223402 0.74172536]
44	[0.61247123 0.52671487 0.17055911 0.26558397 0.84176979]
45	[0.61959777 0.44216454 0.47036726 0.57864127 0.80766137]
46	[0.53690922 0.12486509 0.21151599 0.41556975 0.83156683]
47	[0.33059991 0.23615017 0.22866169 0.23460394 0.46229329]
48	[0.83282846 0.2329849  0.16522577 0.40821963 0.77615016]
49	[0.68853947 0.36540255 0.09189716 0.30686334 0.7107503 ]
50	[0.87079386 0.37698938 0.32132167 0.2115557  0.36003234]
51	[0.82249146 0.58222718 0.17387192 0.09094672 0.56129064]
52	[0.54109968 0.43917489 0.19364867 0.33880585 0.70955026]
53	[0.69140086 0.37822307 0.0842339  0.22365036 0.75082556]
54	[0.77766282 0.25476188 0.32251195 0.24572883 0.9035161 ]
55	[0.77059399 0.34152631 0.52383661 0.06362114 0.74475903]
56	[0.77607253 0.25227208 0.25855252 0.65200927 0.87950705]
57	[0.80038277 0.38199291 0.27060593 0.15256677 0.50099479]
58	[0.4515476  0.19586389 0.20384663 0.37904542 0.73397731]
59	[0.60121517 0.23061128 0.12878026 0.07221728 0.6881365 ]
60	[0.69906528 0.19617979 0.23962708 0.05099024 0.80021948]
61	[0.91713444 0.09744296 0.19515084 0.26520847 0.66559232]
62	[0.37750755 0.19436383 0.14857882 0.20675999 0.47176506]
63	[0.45859128 0.12646784 0.09599748 0.25388648 0.55137813]
64	[0.56779841 0.30421913 0.06854482 0.16414953 0.55584348]
65	[0.72090267 0.37720756 0.54938755 0.70254061 0.83141956]
66	[0.62671106 0.12988745 0.10292905 0.26739341 0.3199835 ]
67	[0.72280629 0.32676738 0.16441592 0.15399254 0.82083143]
68	[0.89081046 0.50741087 0.39924918 0.5406653  0.58806704]
69	[0.70160615 0.20755952 0.08333129 0.68508232 0.88998833]
70	[0.78055027 0.41068394 0.18772159 0.07616565 0.22244881]
71	[0.65013351 0.27091196 0.11060336 0.20280255 0.58176306]
72	[0.79781062 0.33486265 0.18329437 0.27929969 0.86155615]
73	[0.64954711 0.16326875 0.20169325 0.46215246 0.57841739]
74	[0.93025827 0.20086163 0.11124698 0.63548651 0.67750713]
75	[0.24729837 0.0341574  0.06255355 0.0431393  0.19194834]
76	[0.82451937 0.3673107  0.172942   0.15804486 0.50530614]
77	[0.61790601 0.41036239 0.49910643 0.58705279 0.78901004]
78	[0.86312059 0.36155289 0.15404009 0.23531925 0.25659857]
79	[0.88763232 0.20901442 0.05591533 0.02699755 0.84812616]
80	[0.24357777 0.10530001 0.06340186 0.09767006 0.69246306]
81	[0.55218146 0.52218981 0.28598856 0.18121966 0.66053072]
82	[0.09035901 0.02975187 0.3541648  0.29786244 0.0744154 ]
83	[0.48146197 0.04514095 0.08794648 0.18301732 0.91812057]
84	[0.68598346 0.27220534 0.06823437 0.1081311  0.24790997]
85	[0.91123772 0.56641608 0.36382685 0.22374451 0.56636904]
86	[0.91082611 0.20449133 0.49634657 0.5753181  0.88738708]
87	[0.61507267 0.12461391 0.10272118 0.08962429 0.57793267]
88	[0.45736843 0.16660866 0.03978391 0.17164788 0.61696939]
89	[0.12157292 0.25116233 0.31423519 0.43037193 0.7904555 ]
90	[0.62012784 0.12232359 0.18184716 0.28189841 0.81490389]
91	[0.80462752 0.38680424 0.38073831 0.28935163 0.6065176 ]
92	[0.62557257 0.23694419 0.30753761 0.50356355 0.7325397 ]
93	[0.85933387 0.21963332 0.30092985 0.28165207 0.82862636]
94	[0.75942272 0.27505906 0.20203228 0.07014866 0.41846674]
95	[0.87503986 0.61035084 0.22555279 0.08258597 0.8091222 ]
96	[0.97401984 0.20729482 0.13584556 0.17761745 0.31418562]
97	[0.49631597 0.34845937 0.53337957 0.64703923 0.97842973]
98	[0.83190396 0.27899461 0.00666596 0.43144493 0.9477979 ]
99	[0.61906655 0.64879192 0.38749458 0.25483877 0.89477663]
100	[0.68716628 0.56377743 0.4475452  0.42053208 0.88897608]
101	[0.49563281 0.21770995 0.08655322 0.15060737 0.69317342]
102	[0.49185616 0.05623826 0.13228201 0.14133405 0.48608215]
103	[0.86855413 0.47778604 0.31564639 0.48545519 0.69148052]
104	[0.95614301 0.58869959 0.52843647 0.43817636 0.38238245]
105	[0.22146435 0.03470502 0.01963884 0.17916823 0.71334808]
106	[0.77351667 0.16195938 0.07749637 0.3482814  0.4255116 ]
107	[0.78395922 0.70949512 0.34120043 0.44372176 0.77088016]
108	[0.71306045 0.01632049 0.30509741 0.43620894 0.8554058 ]
109	[0.86037797 0.19539666 0.01636115 0.35466408 0.69492538]
110	[0.80539228 0.14947383 0.26459163 0.49716489 0.83662302]
111	[0.41555322 0.18523539 0.06341304 0.07950457 0.48047744]
112	[0.699121   0.34964358 0.07387307 0.10136803 0.44835734]
113	[0.86749771 0.04617033 0.01100963 0.04250671 0.3567395 ]
114	[0.19104244 0.0276877  0.05262245 0.03502665 0.24493195]
115	[0.67557964 0.40804026 0.42252086 0.12814967 0.50537362]
116	[0.56714687 0.13981529 0.0919865  0.21570453 0.53179623]
117	[0.56201427 0.16586724 0.20754543 0.0745445  0.38944803]
118	[0.657726   0.18036299 0.03835536 0.13314163 0.73085353]
119	[0.7801594  0.37064682 0.50560927 0.34524057 0.79472866]
120	[0.90465893 0.3577976  0.03400065 0.2735204  0.68070232]
121	[0.75350397 0.4849631  0.36158263 0.56132068 0.90308412]
122	[0.82884939 0.07516635 0.04683371 0.15186699 0.8370502 ]
123	[0.54735668 0.46291806 0.43206318 0.63104039 0.92787513]
124	[0.20441627 0.07764128 0.15609939 0.15827286 0.66965417]
125	[0.88714499 0.55022066 0.56712591 0.50490413 0.88523008]
126	[0.69315784 0.1540348  0.0588834  0.02996313 0.58333786]
127	[0.34072526 0.24051757 0.09167851 0.23063239 0.71630204]
128	[0.99101638 0.72099837 0.25014193 0.13696884 0.51111134]
129	[0.3096563  0.09868875 0.17068179 0.11881407 0.39675152]
130	[0.05981569 0.16174092 0.07741003 0.1795893  0.95807238]
131	[0.62804472 0.12147013 0.10503381 0.31530838 0.63483665]
132	[0.80049937 0.52727386 0.32069806 0.26980822 0.72769109]
133	[0.89965102 0.43750644 0.09557921 0.13414331 0.54766184]
134	[0.105866   0.43626756 0.19326205 0.19817331 0.80224596]
135	[0.67916449 0.03180866 0.00623413 0.03963898 0.37180178]
136	[0.73140359 0.35958404 0.33666481 0.66293386 0.5933705 ]
137	[0.65468977 0.16750819 0.24136013 0.08794799 0.54070591]
138	[0.83027403 0.39405951 0.3580724  0.25854082 0.82529374]
139	[0.7333424  0.18900342 0.22716353 0.38301716 0.85147959]
140	[0.28827796 0.32106982 0.27263504 0.26039898 0.75224772]
141	[0.27253383 0.17722333 0.14590279 0.22757108 0.64129039]
142	[0.69090439 0.4541118  0.31044181 0.36713444 0.64501431]
143	[0.75710264 0.44315023 0.24082512 0.36858108 0.8766992 ]
144	[0.30809019 0.26735288 0.18510436 0.18687129 0.54706308]
145	[0.67091703 0.21949839 0.11200491 0.33217722 0.46102941]
146	[0.731825   0.05583881 0.05485695 0.02992292 0.37913794]
147	[0.65631052 0.57515093 0.42844499 0.42859615 0.79825439]
148	[0.94257213 0.42836376 0.08992212 0.23612794 0.19621773]
149	[0.6715251  0.40814129 0.1582696  0.43323611 0.92106338]
150	[0.72120641 0.05641375 0.09707484 0.10226149 0.74947652]
151	[0.9263843  0.56473349 0.24850805 0.06081326 0.9358664 ]
152	[0.761537   0.22616828 0.1107308  0.07692293 0.98109352]
153	[0.75853782 0.54872717 0.20524475 0.36425762 0.87083969]
154	[0.1253278  0.06463389 0.13077917 0.5580221  0.96597262]
155	[0.9690075  0.59646805 0.77987144 0.36810618 0.25413255]
156	[0.80331807 0.39964337 0.53602001 0.42937009 0.84493473]
157	[0.65452256 0.13564353 0.31279235 0.51940429 0.96398214]
158	[0.6251299  0.45919889 0.36845261 0.25486976 0.5484483 ]
159	[0.23896676 0.0975588  0.13027927 0.44981156 0.98041501]
160	[0.6771613  0.25736054 0.46145816 0.46396483 0.96264047]
161	[0.73013141 0.38364138 0.15266101 0.21310974 0.78475542]
162	[0.84178019 0.41891916 0.3175193  0.25995003 0.84836548]
163	[0.74797826 0.09808331 0.08307672 0.30194799 0.93100031]
164	[0.69999125 0.22219127 0.17070465 0.17499611 0.5692476 ]
165	[0.772768   0.32915976 0.16792165 0.05098791 0.76129787]
166	[0.75460354 0.25558276 0.25839726 0.45133782 0.51221907]
167	[0.84829931 0.71937928 0.30566356 0.13655258 0.7547367 ]
168	[0.11481829 0.1448471  0.08424007 0.10351811 0.38843595]
169	[0.92002438 0.31401781 0.0662682  0.16686767 0.06875582]
170	[0.80527105 0.22779993 0.31134851 0.5119952  0.74711262]
171	[0.72741207 0.44648187 0.52736944 0.53182352 0.55360876]
172	[0.3379958  0.13576951 0.21053706 0.21170212 0.79742798]
173	[0.75546531 0.67621894 0.57239072 0.51695008 0.38392379]
174	[0.71430973 0.25789549 0.20905639 0.13879644 0.36733816]
175	[0.76420926 0.38681643 0.50510969 0.30381413 0.46633531]
176	[0.98472643 0.40154349 0.35432104 0.15601414 0.58319539]
177	[0.69102917 0.23853332 0.37164694 0.57667494 0.75370653]
178	[0.48533098 0.07068112 0.02022661 0.0453588  0.82151866]
179	[0.7105575  0.33222387 0.11460445 0.19111739 0.71939102]
180	[0.7433399  0.54605785 0.60248658 0.46025063 0.92096297]
181	[0.40144907 0.05254306 0.11140327 0.33950213 0.71612241]
182	[0.8412047  0.34844654 0.19140386 0.32232759 0.62920482]
183	[0.52801875 0.07469266 0.19876028 0.23581881 0.5514636 ]
184	[0.69895704 0.16052766 0.19426467 0.18622289 0.8827542 ]
185	[0.86112508 0.33695435 0.22056924 0.10607247 0.3877598 ]
186	[0.6877778  0.34455273 0.13331155 0.38843451 0.94129539]
187	[0.94246371 0.6301186  0.31993314 0.26265431 0.3311229 ]
188	[0.84889886 0.60813302 0.0380909  0.05773457 0.2890373 ]
189	[0.8730471  0.33494743 0.13200151 0.21722518 0.53822315]
190	[0.54198655 0.09038058 0.13356864 0.10882485 0.53471063]
191	[0.82060925 0.76870797 0.12457082 0.33062272 0.93885511]
192	[0.42392388 0.13619653 0.01930223 0.0355112  0.52475513]
193	[0.89185617 0.27439979 0.07452648 0.20564094 0.40165362]
194	[0.73446907 0.0515511  0.02623388 0.10547202 0.44658743]
195	[0.36125062 0.27177143 0.49139376 0.45122102 0.81469541]
196	[0.64885526 0.07161871 0.20996567 0.15828246 0.51088336]
197	[0.66601976 0.16542885 0.08384817 0.259387   0.42472155]
198	[0.7856523  0.13609608 0.11327551 0.0245554  0.54436012]
199	[0.92937585 0.28727119 0.22069443 0.28576635 0.26399448]
200	[0.94839362 0.2391836  0.08992005 0.34817345 0.20879576]
201	[0.96948186 0.27828686 0.0495493  0.10399924 0.05632967]
202	[0.39085396 0.34945624 0.27473951 0.16522137 0.62258686]
203	[0.33401492 0.05778828 0.03752132 0.03422303 0.37420786]
204	[0.64815691 0.08475933 0.08806529 0.04128391 0.37221331]
205	[0.47601042 0.40642521 0.56116585 0.72954102 0.8939128 ]
206	[0.66394863 0.39222033 0.27673451 0.70592712 0.76177178]
207	[0.29090663 0.020789   0.03850955 0.06641181 0.25310921]
208	[0.73171582 0.0725842  0.06736734 0.39683394 0.50291802]
209	[0.2073421  0.03125499 0.04342539 0.03614084 0.26935739]
210	[0.40057787 0.16461843 0.31075876 0.29175034 0.96878432]
211	[0.93585164 0.61192045 0.40586554 0.40553577 0.72403742]
212	[0.8299662  0.20938434 0.21996257 0.65332775 0.83707888]
213	[0.93198116 0.37354043 0.32492249 0.01800012 0.35478191]
214	[0.82043923 0.42201892 0.25365994 0.3788465  0.85197979]
215	[0.36399213 0.23055337 0.10272867 0.21869696 0.71356298]
216	[0.74530545 0.39220391 0.24764421 0.4977086  0.52875919]
217	[0.84681871 0.37016669 0.10737331 0.20287597 0.52268237]
218	[0.85627285 0.59461541 0.62251838 0.58437961 0.60168207]
219	[0.69792324 0.06221162 0.10357715 0.14932558 0.77719135]
220	[0.32719547 0.09799853 0.26257797 0.60327366 0.98683654]
221	[0.95175409 0.59131718 0.648203   0.38896946 0.78688478]
222	[0.80858401 0.1304594  0.13527826 0.02174384 0.41318478]
223	[0.65009104 0.027439   0.22607465 0.2673503  0.68975703]
224	[0.29121796 0.03903058 0.12759406 0.08782118 0.77867552]
225	[0.89884709 0.12139445 0.1505706  0.37118677 0.94043696]
226	[0.78297831 0.26894581 0.06415999 0.25161033 0.98356379]
227	[0.50894777 0.13107071 0.08321426 0.26466425 0.59990068]
228	[0.30601405 0.05502312 0.04647052 0.02978711 0.21080119]
229	[0.14315911 0.0980046  0.05292504 0.23620857 0.95312195]
230	[0.91577061 0.62180415 0.3703424  0.4540999  0.90379085]
231	[0.62145587 0.06922617 0.07607511 0.60711478 0.49810289]
232	[0.47118622 0.50643266 0.35634063 0.5489392  0.83022738]
233	[0.76283809 0.64203254 0.64305773 0.61630078 0.69074804]
234	[0.81886193 0.46631884 0.26227668 0.55844368 0.69923335]
235	[0.61055468 0.1114414  0.02197391 0.07368763 0.55957604]
236	[0.67346214 0.41359773 0.25526023 0.12628006 0.52226066]
237	[0.78943589 0.23275523 0.12926116 0.19517664 0.9432233 ]
238	[0.61113786 0.42422412 0.06287855 0.06171324 0.87030233]
239	[0.80720402 0.40181077 0.05766987 0.0797425  0.45892006]
240	[0.62893594 0.29915636 0.32458716 0.51030326 0.88256766]
241	[0.19182928 0.16230742 0.07250757 0.149981   0.85016835]
242	[0.26227559 0.04671153 0.61349531 0.78818253 0.06944444]
243	[0.87141678 0.07693132 0.11011914 0.2663524  0.65954869]
244	[0.58016747 0.08882978 0.10487886 0.15414589 0.72498969]
245	[0.57652064 0.14808514 0.24532118 0.45292525 0.86558544]
246	[0.61463544 0.17764381 0.06896896 0.2270218  0.68354424]
247	[0.37376343 0.07332301 0.19919895 0.33071145 0.81402936]
248	[0.76570287 0.21321341 0.21096031 0.2969744  0.56190978]
249	[0.73115093 0.08880299 0.02586203 0.02989984 0.24968454]
250	[0.58346797 0.21254892 0.02482074 0.32239011 0.90041379]
251	[0.98846124 0.52147746 0.1140623  0.08859093 0.56243658]
252	[0.15820697 0.25649848 0.06827071 0.26213317 0.89445085]
253	[0.24260432 0.35349769 0.49626623 0.59809942 0.9081671 ]
254	[0.62478496 0.04043567 0.26147759 0.32938951 0.84458445]
255	[0.42188355 0.2557689  0.33510502 0.45848281 0.87699836]
256	[0.6811114  0.04065173 0.17258705 0.20693885 0.33191716]
257	[0.71317894 0.73622535 0.96507532 0.66892353 0.05377154]
258	[0.98597653 0.58184316 0.35494399 0.41887542 0.47961232]
259	[0.77629417 0.0288179  0.07976148 0.2330787  0.84526516]
260	[0.28223644 0.08239842 0.25619756 0.26409275 0.84389553]
261	[0.60710499 0.07340624 0.07467098 0.09046509 0.59918036]
262	[0.87822058 0.40616307 0.27571335 0.49005052 0.74597193]
263	[0.4124789  0.11643343 0.22325211 0.21325542 0.7748845 ]
264	[0.89956218 0.67351523 0.13316935 0.31737935 0.55873361]
265	[0.75939283 0.21857277 0.24846772 0.463377   0.87611948]
266	[0.97171089 0.26061183 0.16597525 0.17164085 0.67744345]
267	[0.76666412 0.24495427 0.16192974 0.71805708 0.77912831]
268	[0.75640823 0.39205618 0.09052408 0.08541632 0.4875762 ]
269	[0.96151884 0.18716079 0.04015359 0.55318563 0.75367983]
270	[0.70891267 0.52881257 0.43238811 0.17098188 0.48345962]
271	[0.86282789 0.46957167 0.21575719 0.43472744 0.82411482]
272	[0.22305332 0.10625579 0.10941678 0.21017357 0.81702285]
273	[0.67203878 0.31995482 0.1140655  0.14132444 0.48691405]
274	[0.99462083 0.5910125  0.09316447 0.51112142 0.57076243]
275	[0.45707718 0.137208   0.21181999 0.31520486 0.22130998]
276	[0.58290881 0.37097074 0.50407296 0.41171744 0.54870843]
277	[0.86062763 0.50547125 0.42382455 0.54597112 0.79708967]
278	[0.86446289 0.41748328 0.49514961 0.7410212  0.87824458]
279	[0.70358325 0.20426995 0.08153055 0.03619021 0.71739297]
280	[0.92611267 0.27284202 0.18986325 0.27137361 0.81495035]
281	[0.02528078 0.18253579 0.46242168 0.41834925 0.90935831]
282	[0.96078469 0.0458703  0.14567118 0.3406916  0.94119004]
283	[0.59536664 0.26817653 0.03948354 0.36854687 0.94737914]
284	[0.36204282 0.22561384 0.03841164 0.04046743 0.35770858]
285	[0.74134865 0.28956025 0.1766905  0.30816399 0.77671326]
286	[0.93921585 0.21805419 0.02606398 0.15977298 0.38650738]
287	[0.718315   0.35322458 0.29225889 0.49021049 0.59893511]
288	[0.27940907 0.09781862 0.0416206  0.09935754 0.20037334]
289	[0.83204164 0.25159444 0.28255144 0.16657511 0.58352459]
290	[0.72674675 0.31706621 0.45972686 0.75302276 0.6926095 ]
291	[0.90795449 0.34734113 0.48121119 0.56043707 0.69217534]
292	[0.93530635 0.28211491 0.05849044 0.30799996 0.53588209]
293	[0.36750357 0.02673062 0.116102   0.54744848 0.93716663]
294	[0.96535778 0.62913194 0.18845303 0.10342605 0.51137554]
295	[0.73145439 0.50831488 0.47403767 0.3601126  0.61126517]
296	[0.71410454 0.61374508 0.46680308 0.32977949 0.60636486]
297	[0.69709919 0.30754369 0.04962136 0.05802785 0.3568499 ]
298	[0.79524574 0.47871816 0.22870851 0.44449989 0.70621919]
299	[0.26325283 0.13498095 0.05507899 0.08430261 0.65488088]
300	[0.67963249 0.16439484 0.48894404 0.22296546 0.59541587]
301	[0.57432678 0.16946649 0.23798978 0.26530625 0.68765765]
302	[0.91047176 0.55905509 0.46589944 0.25468351 0.6730173 ]
303	[0.85242092 0.17853685 0.1331333  0.118448   0.55846736]
304	[0.36483581 0.16510283 0.22416929 0.28006996 0.73491384]
305	[0.83953596 0.52421825 0.31778498 0.10836054 0.06541776]
306	[0.67604915 0.26907663 0.01533628 0.18289582 0.79910695]
307	[0.6418695  0.29286715 0.23015257 0.06266283 0.52907424]
308	[0.63756919 0.10874919 0.1128033  0.08620105 0.7848124 ]
309	[0.6673854  0.55023735 0.22481191 0.55742402 0.9716732 ]
310	[0.74705443 0.17742385 0.12487277 0.12839097 0.16261467]
311	[0.86642436 0.34243776 0.20738591 0.36829615 0.73376089]
312	[0.56093897 0.11933506 0.08741986 0.36617648 0.5763496 ]
313	[0.47326472 0.02077206 0.10473578 0.19014891 0.76121961]
314	[0.59616578 0.07659738 0.19208638 0.3926865  0.89230455]
315	[0.5056299  0.44681926 0.38684176 0.43711725 0.93267367]
316	[0.51708166 0.26888888 0.13078252 0.15114528 0.36851009]
317	[0.45945689 0.09717327 0.14876804 0.22408643 0.45904222]
318	[0.88742678 0.53398533 0.40127341 0.49276219 0.76497603]
319	[0.47071588 0.360521   0.07347807 0.09446548 0.58921523]
320	[0.89185811 0.3463309  0.0827445  0.17382168 0.30889395]
321	[0.24498638 0.14805111 0.08223672 0.11173546 0.76961537]
322	[0.77043178 0.30480589 0.25424541 0.5474109  0.96914199]
323	[0.55169172 0.06504157 0.0294325  0.1309403  0.61089802]
324	[0.88742117 0.39182612 0.3412709  0.20009497 0.78740511]
325	[0.89779498 0.31999131 0.18989742 0.41804589 0.90837593]
326	[0.8887388  0.16506093 0.09467609 0.11631774 0.8977026 ]
327	[0.47603972 0.20406918 0.05179194 0.08667788 0.82213422]
328	[0.56055137 0.63851137 0.02500419 0.23317287 0.88303413]
329	[0.64373565 0.09091626 0.15431306 0.36138852 0.62332349]
330	[0.90261661 0.09473467 0.14188054 0.34682123 0.27321852]
331	[0.87534489 0.30222331 0.09700401 0.0388482  0.3533991 ]
332	[0.54365581 0.18603446 0.10665894 0.17331074 0.63847663]
333	[0.5019887  0.15234164 0.09571498 0.06218445 0.38612882]
334	[0.31437522 0.05672889 0.04116451 0.02848583 0.23388122]
335	[0.55027448 0.50647544 0.03246439 0.21398509 0.7869574 ]
336	[0.08710506 0.0505534  0.02503245 0.04785379 0.41729871]
337	[0.09848427 0.14623804 0.11500824 0.54657609 0.9785097 ]
338	[0.81564791 0.58108281 0.24039491 0.23459164 0.69240555]
339	[0.15347602 0.70788778 0.06530207 0.00621788 0.33885575]
340	[0.11609059 0.0758546  0.07039705 0.12219911 0.69688658]
341	[0.55895486 0.25745461 0.12445339 0.10610531 0.66372522]
342	[0.21308949 0.03232427 0.07729087 0.37024365 0.86638709]
343	[0.71154268 0.20109087 0.21771056 0.5590793  0.72354893]
344	[0.14375495 0.23628717 0.18853235 0.42261501 0.87831069]
345	[0.61106705 0.12555537 0.04441403 0.20514221 0.68592206]
346	[0.56120438 0.04146481 0.27127167 0.49179111 0.70602492]
347	[0.82850612 0.32496721 0.32373027 0.43827862 0.89971097]
348	[0.65917486 0.16073369 0.07340646 0.15159982 0.52518148]
349	[0.40573559 0.10825223 0.16693462 0.40244915 0.95636465]
350	[0.78894567 0.29739217 0.34572894 0.50714665 0.5453688 ]
351	[0.8219487  0.1631601  0.1488632  0.17232041 0.11476495]
352	[0.87257374 0.52519979 0.17812099 0.1485884  0.30335575]
353	[0.3101717  0.10913981 0.15663629 0.50949647 0.88396612]
354	[0.82928077 0.16021442 0.02169617 0.07640675 0.52546101]
355	[0.56568215 0.06213725 0.03782996 0.09237082 0.35752753]
356	[0.85213587 0.6517737  0.33074192 0.2329333  0.59348896]
357	[0.64908986 0.3910686  0.1444612  0.2236372  0.7873671 ]
358	[0.58118829 0.61376452 0.39202339 0.45356321 0.90896764]
359	[0.79861285 0.2661803  0.04358772 0.06181998 0.04480908]
360	[0.67455505 0.04158798 0.15727663 0.65308576 0.88682428]
361	[0.9895289  0.46215808 0.25147723 0.16457787 0.53134287]
362	[0.34469419 0.11353816 0.118451   0.33892615 0.67531249]
363	[0.41993982 0.05461381 0.041768   0.23539556 0.97648715]
364	[0.41541553 0.0531635  0.10129573 0.12733602 0.50862392]
365	[0.21223492 0.01501448 0.30597672 0.09481612 0.75918084]
366	[0.38274477 0.20563504 0.08693081 0.34353278 0.56321128]
367	[0.63489746 0.4410087  0.33836557 0.40929441 0.81329312]
368	[0.71915597 0.35516177 0.36415391 0.83956442 0.86711812]
369	[0.85836527 0.30259454 0.19313455 0.12330767 0.3105771 ]
370	[0.37789118 0.35973536 0.08822027 0.14600296 0.83935516]
371	[0.82814113 0.69854426 0.25437463 0.11616429 0.60085261]
372	[0.55347813 0.27971918 0.25313211 0.23774771 0.98540012]
373	[0.38582511 0.12486139 0.21018445 0.27868898 0.97365384]
374	[0.75700995 0.2850757  0.10830065 0.14613133 0.32192464]
375	[0.55644602 0.0180384  0.13570519 0.29075089 0.90060818]
376	[0.90302097 0.63239137 0.08565621 0.12040971 0.43147735]
377	[0.675987   0.02678595 0.06024699 0.17469886 0.66778449]
378	[0.80610726 0.80040225 0.51090097 0.27820101 0.50853186]
379	[0.88085458 0.16089775 0.10172358 0.21521569 0.59266904]
380	[0.85913633 0.17070127 0.11012119 0.37970293 0.49592403]
381	[0.57323673 0.56422175 0.56104223 0.65422522 0.9060061 ]
382	[0.81175163 0.20311103 0.04045664 0.16041644 0.62609278]
383	[0.72474849 0.49382263 0.51550685 0.4711753  0.84437069]
384	[0.89639544 0.90252213 0.12764563 0.17752006 0.67161193]
385	[0.64646664 0.23064515 0.10633999 0.14243066 0.07275713]
386	[0.9590609  0.20833564 0.09683729 0.29922829 0.58496191]
387	[0.35960612 0.1395737  0.01259948 0.08420535 0.4537474 ]
388	[0.97189657 0.65431016 0.6261908  0.19449901 0.81440636]
389	[0.98680006 0.36748277 0.19727727 0.19586411 0.40790017]
390	[0.98182821 0.52282007 0.10811643 0.01642463 0.42164186]
391	[0.24404148 0.09518805 0.14620649 0.24934019 0.93052164]
392	[0.55667636 0.25082276 0.18760857 0.34717082 0.89978313]
393	[0.56058301 0.12893538 0.11477804 0.72179722 0.98444058]
394	[0.16078106 0.01068122 0.08011498 0.05902448 0.66551721]
395	[0.86496698 0.1324525  0.00439286 0.17630766 0.45582856]
396	[0.82794135 0.59710774 0.16782889 0.04742322 0.41583857]
397	[0.82513603 0.21631863 0.38970637 0.42612941 0.80819014]
398	[0.56619184 0.22134774 0.24077757 0.27359883 0.90454319]
399	[0.45218863 0.14243624 0.0212051  0.10860837 0.79629001]
400	[0.76536797 0.49857037 0.30069058 0.32905664 0.73502362]
401	[0.46707659 0.27902079 0.616322   0.67862894 0.76587022]
402	[0.02454804 0.08857948 0.27302641 0.37995254 0.56549011]
403	[0.75371473 0.62911183 0.62116336 0.43200378 0.38379821]
404	[0.56766733 0.09259621 0.20997054 0.07968976 0.54125869]
405	[0.78837205 0.1799682  0.41842443 0.41036476 0.94305253]
406	[0.45446727 0.13833622 0.40466422 0.32040849 0.83022242]
407	[0.77485326 0.61503296 0.68277965 0.34202327 0.41457778]
408	[0.77471974 0.20011963 0.12339532 0.42122376 0.80523703]
409	[0.86812622 0.7594522  0.28495075 0.34402964 0.70228249]
410	[0.34898753 0.03558951 0.03073087 0.09236537 0.27453379]
411	[0.39637612 0.26643712 0.31507187 0.06498614 0.20417815]
412	[0.85712824 0.23006521 0.23176896 0.22631332 0.87350045]
413	[0.6306205  0.14561994 0.21873259 0.06704658 0.36226714]
414	[0.66426821 0.35483716 0.2133893  0.28531645 0.7730642 ]
415	[0.56050955 0.18641259 0.10361663 0.19763127 0.83303666]
416	[0.67831715 0.07726548 0.11442844 0.24648054 0.82237397]
417	[0.68826624 0.16763928 0.09640954 0.12482197 0.56574074]
418	[0.76099598 0.03611158 0.12399162 0.09988295 0.29598523]
419	[0.74938002 0.12286738 0.0546903  0.11493069 0.57836141]
420	[0.85227917 0.30576065 0.18453161 0.13110464 0.09288673]
421	[0.48533475 0.15370458 0.0298143  0.23331442 0.96234366]
422	[0.06100965 0.0008907  0.12930156 0.61004982 0.79857958]
423	[0.20937258 0.1426502  0.25124556 0.49503304 0.77325459]
424	[0.87092371 0.27113926 0.56679197 0.19384282 0.39108643]
425	[0.87193824 0.18336529 0.09203796 0.05024925 0.36183234]
426	[0.80226015 0.35003693 0.1705777  0.41620513 0.92160276]
427	[0.00975223 0.00349833 0.42254206 0.08503126 0.04337294]
428	[0.6869731  0.01948606 0.06210574 0.13453357 0.42905505]
429	[0.83330779 0.39702973 0.24742132 0.50486715 0.82520914]
430	[0.33903351 0.03172252 0.24804645 0.51704119 0.80404733]
431	[0.43704855 0.29642821 0.20425165 0.36784095 0.89934205]
432	[0.83915557 0.21942212 0.05255644 0.09716295 0.62781796]
433	[0.89731516 0.09576794 0.07019985 0.01982132 0.1936982 ]
434	[0.88652057 0.43758129 0.34660232 0.22637178 0.73616705]
435	[0.32093683 0.05913148 0.12592616 0.49224908 0.99277663]
436	[0.86912978 0.63536814 0.54675738 0.39927597 0.72926876]
437	[0.83689139 0.1587672  0.33059945 0.43347443 0.65799858]
438	[0.89061817 0.30652213 0.12510757 0.03381432 0.18204847]
439	[0.3417818  0.05334484 0.0627343  0.18926955 0.56394456]
440	[0.15013056 0.03643804 0.03603593 0.04117403 0.51603905]
441	[0.68931076 0.31121281 0.18466579 0.07419608 0.66540245]
442	[0.48817112 0.15839278 0.12822559 0.25097022 0.69241231]
443	[0.42302144 0.20547063 0.01506345 0.11488351 0.80635438]
444	[0.10612931 0.7931305  0.19040331 0.03069488 0.33835491]
445	[0.60635487 0.44273129 0.51181546 0.574737   0.81516107]
446	[0.75604987 0.44518363 0.37251635 0.40574571 0.62569081]
447	[0.20721029 0.04337996 0.05479671 0.02822961 0.21271497]
448	[0.36448645 0.09069481 0.08086205 0.06102222 0.34290369]
449	[0.7211012  0.34595705 0.10962889 0.41281678 0.83650259]
450	[0.71951145 0.01906201 0.07427403 0.11442914 0.77407855]
451	[0.71846417 0.41531915 0.03390696 0.14168357 0.6566281 ]
452	[0.51147669 0.10432992 0.01346128 0.03813948 0.53722544]
453	[0.27568439 0.04405031 0.03086717 0.03413483 0.33999363]
454	[0.64816514 0.24751488 0.26487897 0.6884764  0.67296013]
455	[0.87485308 0.25351513 0.06774755 0.18589649 0.20306286]
456	[0.06107665 0.04535306 0.18888444 0.24229781 0.38543309]
457	[0.40764146 0.07616526 0.07172895 0.03714558 0.42111172]
458	[0.9269031  0.5733163  0.40746766 0.59191502 0.70837142]
459	[0.90354244 0.39308963 0.31278516 0.12600787 0.44845566]
460	[0.03276366 0.65415832 0.98034469 0.1492699  0.32681296]
461	[0.86285325 0.25035777 0.17596788 0.29587007 0.56175343]
462	[0.85950487 0.30276586 0.15831033 0.0874341  0.72159525]
463	[0.77678172 0.26873251 0.3589467  0.64569192 0.94164393]
464	[0.75109299 0.28188656 0.22521888 0.30375587 0.74553831]
465	[0.81903976 0.21931671 0.08931005 0.01997413 0.6659976 ]
466	[0.76202027 0.30661479 0.10927562 0.06834104 0.26609225]
467	[0.85557626 0.46188303 0.23197013 0.22777961 0.62013605]
468	[0.40064049 0.17784762 0.08574584 0.18807237 0.8557335 ]
469	[0.81147721 0.31069954 0.02971717 0.10944884 0.64269614]
470	[0.73453162 0.17873164 0.03547037 0.68996825 0.96077513]
471	[0.80996551 0.40160509 0.0778983  0.1023243  0.57148608]
472	[0.84354553 0.0881504  0.01747403 0.03451212 0.9742139 ]
473	[0.72942688 0.360769   0.39867937 0.31086732 0.43524264]
474	[0.46466503 0.06751306 0.09285684 0.01225052 0.48605309]
475	[0.78521477 0.50749791 0.14218643 0.33387793 0.84331557]
476	[0.88874913 0.26180708 0.29764983 0.60837961 0.71716221]
477	[0.71913804 0.13826441 0.07257455 0.00493678 0.42988105]
478	[0.91680125 0.53751422 0.32641434 0.50915634 0.67652886]
479	[0.75539921 0.18895808 0.04980698 0.46683269 0.61932935]
480	[0.72242168 0.12762958 0.14092269 0.03300786 0.58610211]
481	[0.51393981 0.23026611 0.13559089 0.17922964 0.66791342]
482	[0.87867079 0.25290255 0.16788849 0.3918478  0.74484816]
483	[0.467611   0.09165623 0.05548002 0.23783133 0.28328472]
484	[0.73512407 0.4267249  0.07158312 0.12126862 0.58207925]
485	[0.63341285 0.27328958 0.23271295 0.1044459  0.58356488]
486	[0.85928064 0.38688003 0.14862945 0.37378804 0.51676313]
487	[0.90616939 0.86554494 0.45952592 0.15966992 0.25527812]
488	[0.43679277 0.20170845 0.02155715 0.09145473 0.66566023]
489	[0.93916453 0.09227429 0.02917984 0.05837424 0.18026067]
490	[0.25543365 0.23853738 0.25002709 0.27495778 0.80177365]
491	[0.98335487 0.64571245 0.34910178 0.29840461 0.70314076]
492	[0.78370151 0.19443093 0.19330134 0.4627843  0.8186635 ]
493	[0.667077   0.2465504  0.17564888 0.26400245 0.45974079]
494	[0.62970792 0.16163718 0.17139882 0.09517474 0.53342148]
495	[0.83261133 0.48360992 0.47067992 0.69662186 0.43153926]
496	[0.79542636 0.31452183 0.04455692 0.06725922 0.55382195]
497	[0.51175095 0.19641002 0.32973542 0.28961589 0.56618973]
498	[0.89811364 0.28581233 0.53036363 0.43741397 0.84157556]
499	[0.19807208 0.25948061 0.16825818 0.25969145 0.91212515]
500	[0.62998276 0.56051508 0.4567541  0.53463823 0.63903127]
501	[0.71359103 0.39137805 0.08352758 0.32127035 0.76870351]
502	[0.7773411  0.21379978 0.18145104 0.69710741 0.61295739]
503	[0.13487688 0.04658463 0.11003029 0.29366186 0.88362033]
504	[0.56722859 0.37108078 0.02202473 0.28820068 0.83650721]
505	[0.79012764 0.51082974 0.287858   0.18103462 0.46360416]
506	[0.17463687 0.04021162 0.05278808 0.02902485 0.27972376]
507	[0.69314661 0.41256749 0.13535423 0.56268371 0.9121482 ]
508	[0.63779913 0.28747947 0.29891436 0.61405539 0.85983039]
509	[0.57696271 0.43330321 0.20416508 0.11563204 0.58526584]
510	[0.66506092 0.1727616  0.04060183 0.20018687 0.36451216]
511	[0.99155705 0.06326963 0.09380932 0.21027914 0.98515872]
512	[0.26569532 0.05216045 0.03928382 0.06607952 0.3253318 ]
513	[0.9303234  0.5233772  0.10056936 0.22452874 0.69703348]
514	[0.71720074 0.32864115 0.18755762 0.10610695 0.46150236]
515	[0.55091731 0.10443887 0.1906016  0.15303362 0.32919283]
516	[0.26259797 0.04559801 0.05351202 0.33419869 0.90357126]
517	[0.86153112 0.39686056 0.45360674 0.52381702 0.92365843]
518	[0.79046964 0.23743481 0.48213595 0.54030374 0.77364076]
519	[0.89706938 0.5395534  0.45295332 0.558403   0.81811149]
520	[0.60926401 0.03895402 0.02896776 0.12268877 0.30816209]
521	[0.80484455 0.58701447 0.13402298 0.28974748 0.69619111]
522	[0.86316942 0.41464636 0.48322893 0.59087874 0.45157637]
523	[0.69648141 0.13599126 0.10861198 0.64750316 0.51651895]
524	[0.48493865 0.73288768 0.27377077 0.47220592 0.97562348]
525	[0.47029476 0.18769939 0.30804807 0.44650106 0.98169261]
526	[0.45779268 0.38113516 0.49263062 0.49055632 0.80911053]
527	[0.76516272 0.25554271 0.04168545 0.0751167  0.76477081]
528	[0.16588273 0.09357461 0.01533657 0.25956245 0.98848316]
529	[0.68649837 0.44753887 0.66872863 0.21822547 0.62396108]
530	[0.67937549 0.48550136 0.28425466 0.2675893  0.66273363]
531	[0.2265998  0.09848951 0.06612902 0.28578815 0.96283996]
532	[0.93324884 0.51073029 0.52787997 0.51000147 0.68236033]
533	[0.69661022 0.32906963 0.26537749 0.42650251 0.89269719]
534	[0.15788331 0.13446571 0.30463237 0.82524777 0.99505821]
535	[0.55474355 0.07226251 0.07371272 0.08537401 0.82114726]
536	[0.22107815 0.14293789 0.11288118 0.13207763 0.50067595]
537	[0.4878153  0.25412246 0.37802937 0.33928788 0.71188783]
538	[0.16816172 0.0731198  0.08094194 0.14386288 0.6631722 ]
539	[0.85984615 0.3028672  0.15635853 0.31095844 0.65620929]
540	[0.9723753  0.48475251 0.07495451 0.03511794 0.05076125]
541	[0.52029745 0.03441975 0.12690462 0.22703221 0.89812827]
542	[0.69720276 0.18164558 0.43678778 0.47871925 0.74987418]
543	[0.33543492 0.09208418 0.62270971 0.90604261 0.65233275]
544	[0.83486077 0.62066412 0.02473316 0.17880244 0.77622732]
545	[0.80655618 0.48340687 0.37243132 0.45204562 0.70695122]
546	[0.64942708 0.54152392 0.39227499 0.39776103 0.6644279 ]
547	[0.17794715 0.04964781 0.66858149 0.61478386 0.03474366]
548	[0.69107534 0.30400044 0.17806768 0.16559384 0.29666299]
549	[0.76733535 0.24519064 0.079288   0.13369078 0.66650053]
550	[0.52573319 0.20643595 0.24540141 0.15586841 0.82692726]
551	[0.59583764 0.41940553 0.24554203 0.36481813 0.89078854]
552	[0.94676116 0.61082266 0.34857042 0.13677993 0.23882445]
553	[0.59039978 0.17834371 0.38133916 0.50738001 0.96659619]
554	[0.71716264 0.06032836 0.08842602 0.20628845 0.67814653]
555	[0.14503023 0.06472527 0.0496875  0.16208373 0.85494865]
556	[0.8852412  0.51309028 0.25130793 0.39000005 0.84291137]
557	[0.61856267 0.06246134 0.03774215 0.30236095 0.82894557]
558	[0.5128534  0.14773371 0.1807786  0.22840769 0.77077784]
559	[0.35252838 0.0890155  0.02358906 0.61945633 0.96675304]
560	[0.27555258 0.01547032 0.02240699 0.05534055 0.32990887]
561	[0.67553462 0.01476304 0.03566189 0.05574044 0.59454271]
562	[0.63100154 0.13584655 0.13237023 0.4567838  0.71580626]
563	[0.68353104 0.15756479 0.24288366 0.32566997 0.78185759]
564	[0.78742839 0.12859428 0.09353356 0.33506779 0.67214107]
565	[0.63930269 0.22180821 0.14237907 0.28024843 0.69548554]
566	[0.79307623 0.70696088 0.43244787 0.46884809 0.8417311 ]
567	[0.98927503 0.08205521 0.10033485 0.11669149 0.79829935]
568	[0.63239596 0.10485088 0.02167505 0.45811638 0.88358157]
569	[0.45100533 0.09902877 0.03656988 0.43466989 0.6966378 ]
570	[0.35677843 0.02519862 0.06931552 0.22237007 0.93550084]
571	[0.60316648 0.06939373 0.04987556 0.03150793 0.9203026 ]
572	[0.92064663 0.68587937 0.36333441 0.36754117 0.72306767]
573	[0.61670325 0.49349229 0.47520344 0.50559174 0.76819446]
574	[0.66306711 0.41174857 0.20797108 0.54966425 0.9760185 ]
575	[0.94013616 0.06042497 0.08927558 0.28546049 0.97372428]
576	[0.90084429 0.1497381  0.01598996 0.19733387 0.41403611]
577	[0.03897322 0.35841832 0.57837756 0.03490287 0.18514473]
578	[0.76623153 0.34296576 0.39164023 0.44184883 0.81623302]
579	[0.77410411 0.26477537 0.08912719 0.07857517 0.31602689]
580	[0.62823785 0.38193583 0.49252159 0.60608271 0.52499203]
581	[0.54285358 0.03406388 0.14482546 0.35268903 0.89495123]
582	[0.43948519 0.44305724 0.10414595 0.01843046 0.12725466]
583	[0.52109645 0.19181608 0.06543679 0.11886249 0.68879355]
584	[0.8494946  0.15700421 0.12744577 0.40845614 0.79269703]
585	[0.78189974 0.21221321 0.13379278 0.07773531 0.76066056]
586	[0.8221603  0.20737606 0.05507285 0.24030672 0.53218267]
587	[0.85869114 0.14273736 0.05739693 0.14277566 0.41178503]
588	[0.96305828 0.53963946 0.23343015 0.21000547 0.68046409]
589	[0.58981236 0.06270156 0.03829637 0.27772985 0.28687793]
590	[0.69372016 0.2286798  0.38290333 0.42278677 0.52133435]
591	[0.41663036 0.19561865 0.33906502 0.2577116  0.69485978]
592	[0.62005056 0.03430716 0.26758638 0.16765317 0.6996631 ]
593	[0.73411065 0.03414964 0.10867167 0.12466224 0.47512163]
594	[0.6775939  0.34146257 0.50150464 0.57715004 0.78418789]
595	[0.73874797 0.35311632 0.14196062 0.22187895 0.88976793]
596	[0.63557077 0.09569814 0.07229171 0.36127488 0.48170715]
597	[0.78840203 0.30808568 0.23154074 0.24481983 0.71729979]
598	[0.84797816 0.66346882 0.57788535 0.67644517 0.51463111]
599	[0.32839945 0.07929306 0.11810792 0.20190784 0.89023434]
600	[0.35950697 0.02600982 0.07379681 0.12093154 0.95890834]
601	[0.94669889 0.40660258 0.19564868 0.04001887 0.66244383]
602	[0.64117095 0.10342997 0.10301565 0.10410741 0.85128308]
603	[0.75411094 0.28012561 0.24405758 0.71087318 0.69255173]
604	[0.36894186 0.12728199 0.12831071 0.10665758 0.41868364]
605	[0.48308367 0.18927393 0.08707126 0.15943515 0.62542184]
606	[0.3659364  0.15262536 0.45492833 0.93447101 0.19102874]
607	[0.49561906 0.21231839 0.02548115 0.44188214 0.82495055]
608	[0.74484886 0.5657551  0.27919164 0.24482048 0.77467558]
609	[0.05313553 0.06159146 0.46505991 0.31778885 0.23093761]
610	[0.88842451 0.32106245 0.09706866 0.06787967 0.32737485]
611	[0.7057019  0.42638961 0.21594691 0.38278576 0.82551524]
612	[0.35745258 0.13209177 0.06939011 0.12056849 0.65166262]
613	[0.71392501 0.51752761 0.08188497 0.18485917 0.55662753]
614	[0.85367256 0.53002991 0.53234079 0.49296239 0.76806601]
615	[0.14036706 0.00613972 0.04272744 0.13598692 0.76895415]
616	[0.85247423 0.51184973 0.25092281 0.37427531 0.62478921]
617	[0.70554666 0.40395353 0.61637103 0.53374977 0.7638416 ]
618	[0.23562267 0.0535515  0.23329833 0.43301531 0.99483303]
619	[0.69333475 0.44004268 0.27302638 0.10286201 0.56706305]
620	[0.69105362 0.22936521 0.01863825 0.11283923 0.62114922]
621	[0.52433197 0.1801357  0.12500784 0.13364359 0.81126732]
622	[0.66105887 0.33461032 0.2096429  0.11557238 0.38674536]
623	[0.43041067 0.34484031 0.10925829 0.05334127 0.75624222]
624	[0.71482557 0.33677781 0.19327773 0.08266024 0.55063409]
625	[0.16200674 0.04340317 0.11428102 0.02603128 0.13381038]
626	[0.87538447 0.15153331 0.00344268 0.0079115  0.04472755]
627	[0.65465831 0.39957984 0.30984019 0.1974961  0.50234603]
628	[0.46200927 0.36221748 0.25404774 0.37959689 0.68461816]
629	[0.51874825 0.09560186 0.07763386 0.41490703 0.95918379]
630	[0.9497556  0.52497576 0.21245124 0.29862929 0.76887658]
631	[0.50855303 0.14070281 0.06189244 0.12502771 0.36464028]
632	[0.54388465 0.22874276 0.36107069 0.24447489 0.83040446]
633	[0.66823473 0.40007018 0.10868232 0.25387418 0.71938075]
634	[0.26398415 0.0477171  0.06884574 0.02927805 0.15945664]
635	[0.88529954 0.40682421 0.21946882 0.25389669 0.37342403]
636	[0.83516611 0.44903828 0.46905298 0.63005777 0.87082053]
637	[0.62626744 0.67793567 0.47159502 0.55481499 0.74581128]
638	[0.54964823 0.12253585 0.03134816 0.13121884 0.25415657]
639	[0.02234281 0.00561403 0.32829614 0.95325331 0.7037254 ]
640	[0.76977583 0.36298383 0.32543196 0.18185424 0.33585974]
641	[0.80379933 0.60422928 0.38357848 0.2604021  0.36155524]
642	[0.4994285  0.28597582 0.12195501 0.14363947 0.40399314]
643	[0.31802332 0.03813498 0.03938884 0.0535984  0.20077398]
644	[0.88614355 0.35771481 0.11597568 0.15054525 0.69646732]
645	[0.74895859 0.62023163 0.14070057 0.23256053 0.68581146]
646	[0.99426283 0.73134551 0.01659761 0.02198997 0.15007628]
647	[0.65948734 0.66702853 0.50187672 0.59821011 0.84766929]
648	[0.71085594 0.34355338 0.18768554 0.15757148 0.63708274]
649	[0.48120214 0.19537106 0.59361314 0.60081691 0.92542299]
650	[0.66835917 0.4053454  0.49837865 0.78788068 0.9057883 ]
651	[0.56013397 0.20270047 0.05832889 0.20689242 0.87276793]
652	[0.57741108 0.02304303 0.0345603  0.01409135 0.32793312]
653	[0.90978603 0.33951151 0.12677129 0.02579899 0.33242662]
654	[0.98240749 0.41218466 0.0165474  0.13181643 0.52373721]
655	[0.82007299 0.24505435 0.35254276 0.19206051 0.52247598]
656	[0.54233636 0.11907593 0.11134993 0.07680085 0.73931383]
657	[0.63830652 0.33386205 0.28419812 0.66392304 0.79432498]
658	[0.06439233 0.02368657 0.15728635 0.1405614  0.44263444]
659	[0.21923319 0.05524138 0.03194687 0.03241645 0.24924082]
660	[0.90348247 0.56302335 0.16534459 0.30756873 0.61418492]
661	[0.06947358 0.03892916 0.65242183 0.70291168 0.24433177]
662	[0.28323336 0.0227488  0.02683341 0.04094297 0.26745284]
663	[0.95090176 0.33470591 0.07446716 0.0891844  0.54488092]
664	[0.76088754 0.55548678 0.48072936 0.51880771 0.83386748]
665	[0.70862072 0.22352067 0.20334453 0.32020488 0.43924764]
666	[0.18559577 0.01538525 0.06374299 0.09600785 0.25611711]
667	[0.35707938 0.10455433 0.18730292 0.2292934  0.73073544]
668	[0.97218681 0.5277239  0.45056548 0.40925122 0.50499133]
669	[0.89019257 0.32207713 0.1279578  0.09982382 0.24528858]
670	[0.66680842 0.07989426 0.0289563  0.03616838 0.43759647]
671	[0.49837954 0.20035637 0.23837304 0.71468191 0.93617182]
672	[0.66059628 0.14568378 0.21980908 0.12818322 0.69636864]
673	[0.87207081 0.67142286 0.51428634 0.4328133  0.90341047]
674	[0.59312707 0.06085311 0.26718066 0.53900674 0.93274878]
675	[0.52217437 0.09077079 0.13744468 0.16830507 0.62146131]
676	[0.689496   0.17493801 0.22968946 0.26247493 0.46023965]
677	[0.62503064 0.32838275 0.38904194 0.24816984 0.53777786]
678	[0.92458114 0.18490557 0.14880521 0.29105207 0.56732344]
679	[0.1917845  0.04098288 0.04365301 0.26428913 0.70622311]
680	[0.95097074 0.54755466 0.3008925  0.27247545 0.56155259]
681	[0.68341617 0.48582063 0.46964295 0.79251969 0.47556439]
682	[0.88381133 0.31731135 0.06935624 0.19459354 0.62470747]
683	[0.68352313 0.27697459 0.42542449 0.39041693 0.91833918]
684	[0.29432335 0.06344426 0.06923019 0.14858094 0.66310872]
685	[0.91516881 0.81888949 0.32914546 0.19119701 0.54860738]
686	[0.11486662 0.00351784 0.1134152  0.29932675 0.10649256]
687	[0.84804634 0.26516464 0.23992902 0.26537645 0.59191943]
688	[0.80577657 0.37933637 0.28432931 0.31488356 0.53135507]
689	[0.7656293  0.0527917  0.09246908 0.02947714 0.24687435]
690	[0.79617803 0.1961356  0.12417711 0.10471479 0.76127144]
691	[0.67902248 0.26304286 0.3150573  0.42505665 0.64965621]
692	[0.75916896 0.2397402  0.15410815 0.09777955 0.64924119]
693	[0.97102606 0.60792821 0.15700533 0.21884701 0.55701215]
694	[0.77523505 0.16272898 0.73991297 0.76274365 0.84802939]
695	[0.8282595  0.04302508 0.12156205 0.17310278 0.74885772]
696	[0.90490188 0.14983966 0.18440408 0.39040446 0.66317663]
697	[0.82088541 0.33224656 0.18700071 0.17894376 0.52712607]
698	[0.33199406 0.08677961 0.10938853 0.22183345 0.94371165]
699	[0.60018577 0.0591012  0.18380671 0.3998723  0.95715705]
700	[0.73826218 0.55604199 0.11024111 0.1082934  0.71629464]
701	[0.02744637 0.08274233 0.43164021 0.79529134 0.88015999]
702	[0.81263031 0.25446288 0.22783431 0.32335607 0.7919662 ]
703	[0.32428424 0.00839037 0.11253173 0.09659988 0.63760565]
704	[0.63745512 0.12630618 0.00482711 0.08581635 0.73525008]
705	[0.88761942 0.54108157 0.02719939 0.35976044 0.91288899]
706	[0.38476296 0.02923009 0.05502536 0.13526889 0.70642835]
707	[0.12587875 0.35845168 0.92304588 0.03049077 0.04008392]
708	[0.90433237 0.08723112 0.06042526 0.08406927 0.31543302]
709	[0.7323078  0.19843011 0.47668563 0.42792253 0.83991171]
710	[0.47117054 0.15192986 0.17823954 0.31750924 0.6142365 ]
711	[0.64149072 0.28347246 0.27009289 0.29311429 0.41469392]
712	[0.40852598 0.11690827 0.15972368 0.47023161 0.91236898]
713	[0.66581053 0.05341436 0.27365774 0.39725529 0.85700096]
714	[0.90649923 0.3929071  0.01500233 0.015836   0.09830642]
715	[0.42325508 0.01462231 0.17016469 0.12726106 0.75202337]
716	[0.72197462 0.36907885 0.32608136 0.25471195 0.74076114]
717	[0.84522778 0.29576841 0.15014707 0.09610914 0.88550343]
718	[0.6788338  0.27887966 0.07288694 0.06941369 0.47803812]
719	[0.26159875 0.07051775 0.03607553 0.03762289 0.36318423]
720	[0.27594713 0.00356223 0.14331154 0.31623808 0.75564595]
721	[0.7073058  0.3836781  0.30992355 0.45619219 0.89083277]
722	[0.41323532 0.34996017 0.0722267  0.0102869  0.08072074]
723	[0.72627163 0.06786476 0.37993201 0.7455994  0.97413604]
724	[0.57184097 0.19388012 0.25143914 0.21136836 0.75361583]
725	[0.69000117 0.05644121 0.0081916  0.00971741 0.27594821]
726	[0.62219804 0.35907356 0.02872582 0.12301052 0.75533504]
727	[0.83688055 0.13961619 0.06304933 0.15670868 0.56468397]
728	[0.98468675 0.37315121 0.05989544 0.06284948 0.2863445 ]
729	[0.77866903 0.28646956 0.10444189 0.04398822 0.48293005]
730	[0.97694902 0.15376057 0.10837762 0.03396415 0.64430199]
731	[0.65165314 0.27243476 0.13402579 0.12518928 0.60756753]
732	[0.85005025 0.43157654 0.55575266 0.41301219 0.91473107]
733	[0.71221223 0.24850182 0.1559036  0.32638832 0.5522752 ]
734	[0.54646317 0.04196565 0.04041238 0.01850375 0.08950673]
735	[0.03923462 0.18070764 0.78037605 0.53684779 0.40677944]
736	[0.44480948 0.12472095 0.17163469 0.40772581 0.84541524]
737	[0.44588649 0.18827994 0.42559691 0.25866531 0.44035277]
738	[0.96942528 0.55637352 0.41419349 0.38800857 0.65263307]
739	[0.73474852 0.29398506 0.33217589 0.38790153 0.45744926]
740	[0.71246747 0.54473114 0.42440893 0.58812558 0.83525817]
741	[0.80176221 0.43176269 0.27231921 0.27628588 0.4368562 ]
742	[0.87239028 0.52940548 0.66843299 0.11427203 0.46544647]
743	[0.29623998 0.07698317 0.29967514 0.55449952 0.89535353]
744	[0.72495375 0.37343501 0.16221024 0.29163935 0.6623807 ]
745	[0.50723701 0.31550182 0.08886895 0.44700587 0.85671292]
746	[0.86827106 0.20215877 0.233348   0.22959125 0.76297553]
747	[0.81150409 0.17391098 0.1286643  0.43783626 0.70898554]
748	[0.77306027 0.46841293 0.26546131 0.30289616 0.7039137 ]
749	[0.64197656 0.28713284 0.2333851  0.40486582 0.88938118]
750	[0.59885181 0.08348475 0.13481076 0.10194899 0.94644891]
751	[0.98476228 0.24647987 0.11272301 0.13729549 0.23667257]
752	[0.66578711 0.2160862  0.21927294 0.29635238 0.82726445]
753	[0.41160963 0.03104442 0.13199058 0.17911013 0.95856399]
754	[0.28925855 0.25540595 0.0587654  0.03914404 0.44543327]
755	[0.5935113  0.36618772 0.03467386 0.11021794 0.48942819]
756	[0.05409989 0.05661562 0.79010089 0.32179329 0.12730453]
757	[0.90661774 0.14792902 0.07462917 0.05982738 0.94796804]
758	[0.8076154  0.22716461 0.20927482 0.51316153 0.77654255]
759	[0.15876231 0.04623459 0.05847654 0.29483831 0.91576032]
760	[0.8155786  0.41764701 0.22617158 0.01658579 0.35118749]
761	[0.45474163 0.23198465 0.20540818 0.1860184  0.73428971]
762	[0.45051955 0.57257368 0.81339643 0.72328688 0.64015586]
763	[0.79292253 0.12503066 0.03883819 0.11450742 0.32030936]
764	[0.49067228 0.10065205 0.18285872 0.1894795  0.50866974]
765	[0.64473214 0.30161559 0.09075535 0.38766317 0.60881515]
766	[0.61054159 0.21414149 0.02727483 0.11817817 0.58879327]
767	[0.43206172 0.24463344 0.15992492 0.09343855 0.45743178]
768	[0.61102139 0.30259434 0.33429293 0.44616672 0.79418098]
769	[0.04720073 0.01640841 0.10374307 0.4915715  0.49962171]
770	"[8.41602133e-02 2.07729276e-04 6.43589775e-01 7.95278732e-01
 1.05730698e-01]"
771	[0.48318408 0.20989417 0.03061768 0.10340758 0.50565187]
772	[0.85230315 0.18195679 0.14656613 0.10116898 0.58115184]
773	[0.6267422  0.10039777 0.1014217  0.11450279 0.40232488]
774	[0.84415074 0.10110012 0.04895685 0.04981133 0.59140072]
775	[0.60362385 0.05558727 0.2057758  0.12973297 0.66687117]
776	[0.399543   0.32748345 0.1844597  0.2591978  0.75961674]
777	[0.32247983 0.22708087 0.04085142 0.08445655 0.5729572 ]
778	[0.41508562 0.14596362 0.11801831 0.05507817 0.49428057]
779	[0.88277882 0.28119302 0.10127348 0.43081379 0.70512721]
780	[0.55409692 0.21473918 0.10931496 0.08483974 0.69181943]
781	[0.94656674 0.60402777 0.14172767 0.13511334 0.48053891]
782	[0.98161729 0.54025734 0.31549772 0.35756239 0.64882447]
783	[0.69605569 0.30764714 0.47251895 0.89973328 0.73262291]
784	[0.40683949 0.43188444 0.11287603 0.25333455 0.83785617]
785	[0.94674056 0.02826458 0.21843417 0.69751722 0.99596199]
786	[0.84875582 0.20755031 0.03431124 0.04344833 0.36707658]
787	[0.87590037 0.09423795 0.09689148 0.15814141 0.88052865]
788	[0.32929629 0.03932541 0.0404594  0.04217089 0.2322512 ]
789	[0.96692479 0.53219209 0.14546838 0.26218141 0.17341089]
790	[0.68341653 0.17121089 0.06635896 0.24835364 0.24430594]
791	[0.75337383 0.16814386 0.03160718 0.0514794  0.3325246 ]
792	[0.73709524 0.22564358 0.03066843 0.07004882 0.4862722 ]
793	[0.46821762 0.08249658 0.05701657 0.18297564 0.6583033 ]
794	[0.81181484 0.13843789 0.19642667 0.15727905 0.7499432 ]
795	[0.84263587 0.51169425 0.42505822 0.65275236 0.71049814]
796	[0.72594609 0.20936091 0.05163185 0.41772401 0.91220026]
797	[0.47770475 0.39354577 0.15940922 0.12218434 0.68882134]
798	[0.79500441 0.15238707 0.14538602 0.21177971 0.37109342]
799	[0.41847871 0.07931787 0.00682791 0.19477061 0.82373077]
800	[0.80714743 0.14948053 0.10781638 0.06754842 0.27064793]
801	[0.60053313 0.38391326 0.730756   0.47735401 0.57991811]
802	[0.6320746  0.12047928 0.04779771 0.17955457 0.66355505]
803	[0.79200516 0.46159677 0.1974448  0.226672   0.666545  ]
804	[0.62342715 0.0801588  0.19569176 0.44909403 0.90868494]
805	[0.333531   0.12521102 0.22123118 0.21660483 0.61475874]
806	[0.95360293 0.41632683 0.18434956 0.02972117 0.38098305]
807	[0.89880927 0.55731647 0.44218389 0.35775711 0.63055336]
808	[0.90532529 0.18566367 0.11993042 0.02937681 0.25810299]
809	[0.73686829 0.36821336 0.13158492 0.45787774 0.63068216]
810	[0.61715205 0.15075765 0.06509866 0.22938608 0.87667804]
811	[0.75267598 0.30432846 0.17542247 0.69125676 0.96085776]
812	[0.79452627 0.41381823 0.23595505 0.38302647 0.80545413]
813	[0.4086838  0.05598314 0.10601242 0.13163361 0.69009791]
814	[0.87396718 0.21097377 0.04780874 0.09111788 0.39769531]
815	[0.79765966 0.22278362 0.2826541  0.17498887 0.68734229]
816	[0.84088832 0.11279649 0.02285657 0.05398149 0.26200812]
817	[0.03504471 0.00267082 0.33222439 0.76401849 0.50310132]
818	[0.99485414 0.38978357 0.01644746 0.17093948 0.49189274]
819	[0.80616141 0.31757448 0.12823124 0.11501848 0.75817554]
820	[0.55792764 0.29295623 0.05708626 0.1478648  0.73469311]
821	[0.73122374 0.28094826 0.30263611 0.65365677 0.93934672]
822	[0.22949284 0.04057328 0.04954337 0.02443974 0.20793324]
823	[0.80280275 0.28409409 0.15895058 0.32027541 0.59991337]
824	[0.66211951 0.0311166  0.13329131 0.19093653 0.83900289]
825	[0.50349436 0.22330454 0.03986888 0.47206719 0.71142278]
826	[0.85126839 0.40443041 0.12772858 0.05893693 0.40144578]
827	[0.89462912 0.57447042 0.38803239 0.43050616 0.90423239]
828	[0.80485776 0.61275144 0.21899954 0.12811834 0.33187985]
829	[0.91366002 0.37276778 0.16061814 0.01873665 0.63702152]
830	[0.52860051 0.12395553 0.07372582 0.32508583 0.5867741 ]
831	[0.69216098 0.22852553 0.32466795 0.20534221 0.88380834]
832	[0.49839126 0.0832749  0.17752661 0.07233952 0.48690747]
833	[0.56876372 0.55078485 0.26471711 0.44764832 0.7987375 ]
834	[0.34182918 0.04443681 0.02242003 0.0307485  0.3383257 ]
835	[0.63471757 0.28377153 0.33294431 0.36052379 0.70614411]
836	[0.6400994  0.20960609 0.40865107 0.29046683 0.86041784]
837	[0.63145725 0.04818538 0.06444257 0.27448792 0.87801103]
838	[0.32816984 0.12020011 0.09912104 0.25822033 0.77915018]
839	[0.45211308 0.25285609 0.35403118 0.57811884 0.74203293]
840	[0.85097491 0.12763749 0.05723898 0.16848552 0.61252253]
841	[0.53097837 0.21339018 0.17622204 0.08045557 0.11164669]
842	[0.18161231 0.67325288 0.50170661 0.00212412 0.08433125]
843	[0.13197204 0.20060409 0.13858923 0.16753218 0.61527257]
844	[0.32394018 0.21667711 0.32650264 0.22911278 0.7875511 ]
845	[0.76152635 0.02672901 0.20990591 0.29700973 0.85641774]
846	[0.66505405 0.40977234 0.50685975 0.58385934 0.79543666]
847	[0.47911367 0.14998165 0.08393082 0.11510641 0.5556211 ]
848	[0.71034601 0.14094561 0.2268479  0.46056526 0.72338994]
849	[0.75571079 0.47858386 0.15139056 0.14941047 0.51635247]
850	[0.12632775 0.00852077 0.08562527 0.06757131 0.79549564]
851	[0.78255429 0.46420111 0.28133367 0.27922245 0.53671219]
852	[0.98423356 0.30537185 0.08266551 0.03889092 0.35747881]
853	[0.56014373 0.11296937 0.09116956 0.33193028 0.54190363]
854	[0.52823436 0.07855136 0.09650767 0.13329677 0.7612769 ]
855	[0.49136008 0.26460551 0.63307996 0.75940063 0.9034121 ]
856	[0.45452276 0.151775   0.07494132 0.19248111 0.5704928 ]
857	[0.6379533  0.10163059 0.08645454 0.11019653 0.94235211]
858	[0.65529469 0.13998894 0.0635853  0.10942915 0.27323547]
859	[0.42580092 0.03331033 0.09848351 0.04621428 0.60757023]
860	[0.8127144  0.23294267 0.28966771 0.09292027 0.66471691]
861	[0.84953136 0.71622905 0.49666159 0.2972416  0.70693932]
862	[0.73818839 0.58243032 0.74411992 0.56339863 0.60600742]
863	[0.57575133 0.13573868 0.58734662 0.41635089 0.52002193]
864	[0.43107578 0.16937687 0.00717891 0.14045458 0.84608243]
865	[0.3795918  0.28299049 0.11581657 0.12179242 0.5190045 ]
866	[0.42952503 0.33448803 0.27811456 0.3498867  0.76217537]
867	[0.08574391 0.17086786 0.18017967 0.34094504 0.84119813]
868	[0.99134883 0.65272921 0.37356851 0.06222022 0.46108879]
869	[0.73589111 0.48397276 0.453103   0.22893796 0.80181968]
870	[0.51725595 0.10677238 0.17844246 0.19673615 0.67115749]
871	[0.912625   0.65301215 0.28170747 0.3658487  0.90186973]
872	[0.8580238  0.49019918 0.67380511 0.47731734 0.41844739]
873	[0.8817089  0.60005884 0.34294497 0.71113294 0.80229182]
874	[0.15312799 0.04786301 0.07602988 0.2805297  0.48698934]
875	[0.95804237 0.32838866 0.32655657 0.35491312 0.54779005]
876	[0.86888511 0.43330649 0.22382649 0.40927159 0.64484371]
877	[0.71132446 0.05065745 0.1905079  0.42811408 0.86037568]
878	[0.3516821  0.04958018 0.0078515  0.13529045 0.53128561]
879	[0.6365637  0.19335192 0.13638565 0.19120858 0.57924117]
880	[0.845411   0.62712675 0.38049559 0.44777837 0.69893627]
881	[0.82029384 0.08425051 0.12049745 0.02962139 0.2288562 ]
882	[0.76305288 0.27643273 0.00603409 0.25620437 0.88133413]
883	[0.84134047 0.16606276 0.08867604 0.17052514 0.88629013]
884	[0.27939847 0.32290426 0.4087059  0.4416756  0.76870526]
885	[0.2331343  0.04533679 0.04793569 0.03293816 0.26350066]
886	[0.55457708 0.1575694  0.10245981 0.18556187 0.95718911]
887	[0.21227162 0.01923833 0.04463498 0.08430109 0.31428838]
888	[0.62201926 0.3035318  0.04972739 0.44222692 0.92538432]
889	[0.46718927 0.51600849 0.10787476 0.01249459 0.10110592]
890	[0.7675234  0.28396632 0.09113917 0.23985814 0.75193658]
891	[0.66208741 0.24076437 0.29197529 0.50175214 0.65632422]
892	[0.28085712 0.03334547 0.06163798 0.3077937  0.41868639]
893	[0.77374137 0.22838542 0.15162208 0.08138295 0.47408032]
894	[0.40368796 0.55917306 0.26865192 0.30464396 0.77468098]
895	[0.02551809 0.13350413 0.49557416 0.13393665 0.24234286]
896	[0.37742498 0.06968133 0.04147523 0.08389804 0.88783893]
897	[0.82950658 0.32249315 0.24616547 0.55609424 0.8566179 ]
898	[0.40208446 0.13601306 0.04776907 0.28882826 0.83182788]
899	[0.63414105 0.08360059 0.14214831 0.11691181 0.25751438]
900	[0.57853802 0.13278984 0.14002367 0.426653   0.81319895]
901	[0.60975993 0.19717057 0.08816685 0.09339326 0.47972047]
902	[0.60733978 0.13702834 0.21141063 0.4474692  0.9120049 ]
903	[0.84983807 0.12328192 0.13287726 0.18887982 0.80892113]
904	[0.80012068 0.3459753  0.20807342 0.3956301  0.80971868]
905	[0.41108568 0.14099585 0.11681499 0.18983777 0.66891051]
906	[0.77431285 0.60111621 0.55480626 0.43977499 0.8230423 ]
907	[0.4929315  0.09320433 0.05133148 0.146871   0.52572227]
908	[0.44665022 0.56191789 0.68315778 0.55879776 0.49159694]
909	[0.21635775 0.09717283 0.02312274 0.04387088 0.57191785]
910	[0.41549202 0.19606346 0.13628884 0.22790763 0.66282852]
911	[0.81966116 0.43980486 0.1543771  0.57452626 0.89070803]
912	[0.95185874 0.30417288 0.05892576 0.14955979 0.40539228]
913	[0.84627337 0.15421297 0.11310459 0.20958827 0.80381553]
914	[0.63677275 0.02250686 0.13940164 0.21768338 0.8648977 ]
915	[0.48952449 0.10774481 0.25355304 0.16360801 0.47508566]
916	[0.58577382 0.55808142 0.24342964 0.50048182 0.97802527]
917	[0.86519805 0.10111967 0.16163754 0.69120441 0.96342813]
918	[0.2666574  0.0930556  0.13177171 0.19200847 0.90066312]
919	[0.73915977 0.10567335 0.24451213 0.31554995 0.73094255]
920	[0.55364285 0.30120527 0.39442751 0.30976402 0.74065494]
921	[0.63065761 0.04013069 0.06429218 0.07565831 0.70732545]
922	[0.21813561 0.10764599 0.73036611 0.49088071 0.79721826]
923	[0.6365709  0.67397354 0.58926121 0.47032087 0.7864342 ]
924	[0.40565785 0.96048627 0.20056389 0.07799628 0.32022   ]
925	[0.47210599 0.18028807 0.15642723 0.25762134 0.77222701]
926	[0.23205459 0.06707168 0.07086067 0.02266833 0.17629302]
927	[0.97520023 0.16010429 0.10722121 0.16484167 0.83115493]
928	[0.93744421 0.75458072 0.46795794 0.25696715 0.33509459]
929	[0.22619074 0.27606018 0.17509748 0.42697424 0.70833705]
930	[0.93849604 0.31135503 0.06200905 0.17715067 0.5579256 ]
931	[0.11357908 0.22018554 0.27814811 0.33426256 0.86014607]
932	[0.77518932 0.04296422 0.13352074 0.27217573 0.97205246]
933	[0.8229529  0.30814951 0.22555914 0.36539591 0.65206685]
934	[0.8036542  0.47407907 0.33192158 0.11134058 0.54388145]
935	[0.93522151 0.50749952 0.17475648 0.55582787 0.86370649]
936	[0.56217561 0.30972171 0.2739245  0.14676422 0.63416409]
937	[0.61375088 0.36118273 0.12020359 0.45220821 0.89828502]
938	[0.2459023  0.13345    0.11375455 0.13701924 0.58637938]
939	[0.67664673 0.1756949  0.13887864 0.02545099 0.7456095 ]
940	[0.58040445 0.3726417  0.22583282 0.08916264 0.30060191]
941	[0.43011964 0.05102878 0.04890344 0.3235726  0.75583885]
942	[0.77610374 0.12635959 0.07664734 0.37130309 0.42710469]
943	[0.38304729 0.27876603 0.10804131 0.10369958 0.54285654]
944	[0.68035595 0.15783021 0.01948064 0.22683426 0.45008016]
945	[0.17028893 0.11513949 0.1015137  0.55453129 0.95524298]
946	[0.38707042 0.17991477 0.12220737 0.25573756 0.84986387]
947	[0.80080338 0.48341272 0.33585078 0.2900848  0.34168351]
948	[0.46170718 0.18621942 0.13735703 0.14587411 0.47134402]
949	[0.38983618 0.0725745  0.03293722 0.0767348  0.37999145]
950	[0.30739798 0.04303572 0.04092774 0.03492    0.25741362]
951	[0.59422675 0.04593015 0.18917106 0.47211136 0.9765528 ]
952	[0.80301723 0.45637644 0.29633021 0.63926005 0.79990421]
953	[0.64275044 0.61540294 0.6766714  0.86383007 0.65506445]
954	[0.65306634 0.17515881 0.08916515 0.25915184 0.3912162 ]
955	[0.77295419 0.10458407 0.1084218  0.15198244 0.5082741 ]
956	[0.90468812 0.40566774 0.13212831 0.03222149 0.50009813]
957	[0.97908954 0.38868485 0.22104954 0.18097111 0.23683575]
958	[0.62290472 0.52872659 0.29317579 0.08075926 0.55530859]
959	[0.8123434  0.3142886  0.13009785 0.30028765 0.52432766]
960	[0.89628007 0.26373224 0.06291195 0.24280212 0.58704349]
961	[0.97680166 0.26207106 0.10759743 0.18527306 0.63518185]
962	[0.09552554 0.17648866 0.63502808 0.07189188 0.03621175]
963	[0.45866679 0.24188775 0.21837752 0.38898299 0.77338695]
964	[0.49233534 0.26591787 0.13155661 0.18283824 0.46195169]
965	[0.86453503 0.310393   0.13631524 0.21450874 0.68125973]
966	[0.76538591 0.32947847 0.19984476 0.15784557 0.85402333]
967	[0.20888307 0.07117576 0.05920738 0.14580144 0.94715696]
968	[0.62502343 0.09464191 0.13007525 0.06966066 0.72325261]
969	[0.92690282 0.34055377 0.23882475 0.43512401 0.89025072]
970	[0.63427046 0.18796366 0.25370657 0.01048029 0.46075888]
971	[0.20705201 0.11972363 0.24282537 0.58064034 0.9405524 ]
972	[0.89760491 0.56059985 0.25886177 0.39625099 0.82564348]
973	[0.48188994 0.33423647 0.05028679 0.13923978 0.57111799]
974	[0.93888344 0.52339126 0.36246883 0.46527083 0.32409555]
975	[0.39622565 0.08477023 0.11725337 0.31981858 0.66801583]
976	[0.54954514 0.7715427  0.30696974 0.35742783 0.74965122]
977	[0.83782442 0.31155517 0.0719509  0.19531239 0.64064447]
978	[0.81449374 0.17231032 0.09396962 0.22801701 0.7591156 ]
979	[0.12121796 0.07969448 0.97755706 0.28394256 0.01564165]
980	[0.01848124 0.15724167 0.67268603 0.13596115 0.25964981]
981	[0.22953506 0.04778866 0.02221867 0.03300217 0.40498654]
982	[0.49554685 0.44788895 0.4530394  0.26633916 0.62668889]
983	[0.94306871 0.4398974  0.02856344 0.66466182 0.71718973]
984	[0.62296188 0.41563275 0.08169511 0.07051744 0.41664981]
985	[0.56596673 0.02538676 0.24281574 0.2743048  0.72183283]
986	[0.73186313 0.16350677 0.02545723 0.20379328 0.64479626]
987	[0.33906555 0.05333945 0.05123074 0.02685656 0.16772622]
988	[0.20686784 0.13621603 0.02693201 0.15756989 0.74046216]
989	[0.9624971  0.78646731 0.33545837 0.09532151 0.92379129]
990	[0.56671648 0.20080873 0.02587837 0.05181074 0.66675006]
991	[0.62571004 0.18177541 0.21161    0.17615782 0.64898459]
992	[0.92870042 0.26454062 0.10234745 0.0982763  0.59362233]
993	[0.6118841  0.19520327 0.04824715 0.47710124 0.93735197]
994	[0.38338211 0.08770547 0.04020027 0.00754227 0.8236843 ]
995	[0.95575184 0.40756429 0.13641224 0.07072469 0.55308084]
996	[0.34788172 0.09840759 0.12538547 0.28368526 0.86132575]
997	[0.83457667 0.15503187 0.10294343 0.24003315 0.24356558]
998	[0.46139076 0.14429565 0.12157595 0.35273044 0.97230347]
999	[0.7173391  0.23872363 0.02275501 0.08950733 0.56900519]
