0	"[0.0392925  0.0392925  0.0392925  0.0574275  0.07465575 0.0574275
 0.06786886 0.0392925  0.0574275  0.0574275  0.0574275  0.0574275
 0.0574275  0.07465575]"
1	"[0.00535807 0.00642968 0.0160742  0.00357205 0.00247295 0.00357205
 0.00535807 0.00178602 0.00178602 0.00247295 0.00535807 0.00247295
 0.00357205 0.0160742 ]"
2	"[0.00197836 0.00082432 0.00065945 0.00329727 0.00082432 0.00494591
 0.00197836 0.00123648 0.00123648 0.00197836 0.00054955 0.00494591
 0.00197836 0.00054955]"
3	"[5.49545455e-05 3.02250000e-04 5.49545455e-05 5.49545455e-05
 5.49545455e-05 5.49545455e-05 5.49545455e-05 3.02250000e-04
 5.49545455e-05 3.02250000e-04 5.49545455e-05 3.02250000e-04
 3.02250000e-04 3.02250000e-04]"
4	"[0.00052207 0.00052207 0.00052207 0.00043964 0.00052207 0.00052207
 0.00208827 0.00052207 0.00043964 0.00208827 0.00043964 0.00208827
 0.00208827 0.00052207]"
5	"[1.09909091e-04 8.24318182e-05 1.09909091e-04 8.24318182e-05
 8.24318182e-05 1.09909091e-04 1.09909091e-04 8.24318182e-05
 1.09909091e-04 1.09909091e-04 1.09909091e-04 8.24318182e-05
 1.09909091e-04 8.24318182e-05]"
6	"[0.01500259 0.02143227 0.07501295 0.07501295 0.02500432 0.01250216
 0.02500432 0.01250216 0.01154045 0.07501295 0.01250216 0.02143227
 0.01000173 0.01250216]"
7	"[0.01154045 0.01634898 0.02802682 0.01634898 0.03923755 0.01634898
 0.01307918 0.06539591 0.06539591 0.01961877 0.01961877 0.01634898
 0.01307918 0.03269795]"
8	"[0.00197836 0.00307745 0.00461618 0.00461618 0.00197836 0.00173107
 0.00173107 0.00307745 0.00197836 0.00461618 0.00461618 0.00173107
 0.00461618 0.00197836]"
9	"[0.00041216 0.00065945 0.00065945 0.00043964 0.00131891 0.00065945
 0.00041216 0.00043964 0.00043964 0.00109909 0.00065945 0.00043964
 0.00131891 0.00043964]"
10	"[8.24318182e-05 1.09909091e-04 1.09909091e-04 1.09909091e-04
 1.09909091e-04 1.09909091e-04 8.24318182e-05 1.09909091e-04
 8.24318182e-05 1.09909091e-04 8.24318182e-05 8.24318182e-05
 1.09909091e-04 8.24318182e-05]"
11	"[1.09909091e-04 8.24318182e-05 1.09909091e-04 8.24318182e-05
 1.09909091e-04 8.24318182e-05 1.09909091e-04 1.09909091e-04
 1.09909091e-04 1.09909091e-04 8.24318182e-05 8.24318182e-05
 1.09909091e-04 8.24318182e-05]"
12	"[1.09909091e-04 8.24318182e-05 1.09909091e-04 8.24318182e-05
 1.09909091e-04 1.09909091e-04 8.24318182e-05 1.09909091e-04
 8.24318182e-05 8.24318182e-05 1.09909091e-04 8.24318182e-05
 8.24318182e-05 1.09909091e-04]"
13	"[0.00041216 0.00041216 0.00046711 0.00046711 0.00046711 0.00041216
 0.00046711 0.00041216 0.00046711 0.00046711 0.00046711 0.00046711
 0.00046711 0.00046711]"
14	"[1.09909091e-04 1.09909091e-04 1.09909091e-04 8.24318182e-05
 8.24318182e-05 1.09909091e-04 1.09909091e-04 8.24318182e-05
 1.09909091e-04 1.09909091e-04 1.09909091e-04 8.24318182e-05
 1.09909091e-04 8.24318182e-05]"
15	"[8.24318182e-05 1.09909091e-04 8.24318182e-05 8.24318182e-05
 1.09909091e-04 1.09909091e-04 1.09909091e-04 8.24318182e-05
 8.24318182e-05 8.24318182e-05 8.24318182e-05 8.24318182e-05
 1.09909091e-04 1.09909091e-04]"
16	"[1.09909091e-04 1.09909091e-04 8.24318182e-05 8.24318182e-05
 1.09909091e-04 1.09909091e-04 8.24318182e-05 8.24318182e-05
 1.09909091e-04 8.24318182e-05 1.09909091e-04 1.09909091e-04
 1.09909091e-04 8.24318182e-05]"
17	"[0.03750648 0.01731068 0.03750648 0.02250389 0.02250389 0.02250389
 0.02250389 0.02500432 0.03750648 0.03214841 0.03214841 0.02500432
 0.03214841 0.02250389]"
18	"[0.00027477 0.0002473  0.0002473  0.00027477 0.0002473  0.00027477
 0.00027477 0.00027477 0.0002473  0.0002473  0.0002473  0.00027477
 0.00027477 0.0002473 ]"
19	"[0.00288511 0.00082432 0.00082432 0.00082432 0.00230809 0.0009617
 0.00288511 0.00288511 0.00230809 0.00288511 0.00076936 0.00076936
 0.00082432 0.00230809]"
20	"[0.00019234 0.00021982 0.00019234 0.00019234 0.00021982 0.00021982
 0.00021982 0.00021982 0.00019234 0.00021982 0.00021982 0.00019234
 0.00021982 0.00019234]"
21	"[8.24318182e-05 2.47295455e-04 1.37386364e-04 1.37386364e-04
 8.24318182e-05 2.47295455e-04 1.37386364e-04 8.24318182e-05
 8.24318182e-05 1.37386364e-04 1.37386364e-04 1.37386364e-04
 4.12159091e-04 8.24318182e-05]"
22	"[1.09909091e-04 1.09909091e-04 1.09909091e-04 1.09909091e-04
 1.09909091e-04 1.09909091e-04 8.24318182e-05 8.24318182e-05
 8.24318182e-05 8.24318182e-05 8.24318182e-05 8.24318182e-05
 8.24318182e-05 8.24318182e-05]"
23	"[8.24318182e-05 8.24318182e-05 8.24318182e-05 8.24318182e-05
 1.09909091e-04 1.09909091e-04 8.24318182e-05 1.09909091e-04
 8.24318182e-05 8.24318182e-05 1.09909091e-04 1.09909091e-04
 1.09909091e-04 1.09909091e-04]"
24	"[8.24318182e-05 8.24318182e-05 5.49545455e-05 5.49545455e-05
 8.24318182e-05 8.24318182e-05 5.49545455e-05 5.49545455e-05
 5.49545455e-05 5.49545455e-05 8.24318182e-05 8.24318182e-05
 8.24318182e-05 8.24318182e-05]"
25	"[0.00211575 0.00090675 0.00090675 0.00090675 0.00211575 0.00090675
 0.00057702 0.00057702 0.00211575 0.00090675 0.00057702 0.00057702
 0.00211575 0.00211575]"
26	"[0.00642968 0.00250043 0.00250043 0.00642968 0.00250043 0.00346214
 0.00642968 0.00642968 0.00346214 0.00642968 0.00250043 0.00642968
 0.00642968 0.00346214]"
27	"[0.00016486 0.00019234 0.00019234 0.00019234 0.00019234 0.00019234
 0.00019234 0.00019234 0.00019234 0.00019234 0.00016486 0.00016486
 0.00016486 0.00019234]"
28	"[8.24318182e-05 1.09909091e-04 8.24318182e-05 1.09909091e-04
 8.24318182e-05 1.09909091e-04 1.09909091e-04 8.24318182e-05
 8.24318182e-05 8.24318182e-05 8.24318182e-05 1.09909091e-04
 1.09909091e-04 1.09909091e-04]"
29	"[0.01538727 0.00288511 0.01154045 0.00307745 0.00384682 0.01538727
 0.00384682 0.00288511 0.01538727 0.01538727 0.01154045 0.01154045
 0.00659455 0.00307745]"
30	"[0.01360125 0.00494591 0.01360125 0.01360125 0.006045   0.01360125
 0.00494591 0.00494591 0.006045   0.003627   0.01360125 0.01360125
 0.01360125 0.006045  ]"
31	"[0.00730895 0.00261034 0.00730895 0.00261034 0.00192341 0.00192341
 0.00730895 0.00261034 0.00192341 0.00261034 0.00261034 0.01827239
 0.01827239 0.00192341]"
32	"[0.00027477 0.00027477 0.00178602 0.00178602 0.00027477 0.00178602
 0.00178602 0.0003572  0.0003572  0.00027477 0.0003572  0.00178602
 0.00178602 0.0003572 ]"
33	"[1.09909091e-04 8.24318182e-05 8.24318182e-05 8.24318182e-05
 8.24318182e-05 1.09909091e-04 1.09909091e-04 1.09909091e-04
 1.09909091e-04 8.24318182e-05 1.09909091e-04 8.24318182e-05
 1.09909091e-04 8.24318182e-05]"
34	"[1.09909091e-04 1.09909091e-04 8.24318182e-05 8.24318182e-05
 1.09909091e-04 8.24318182e-05 1.09909091e-04 1.09909091e-04
 1.09909091e-04 8.24318182e-05 1.09909091e-04 8.24318182e-05
 1.09909091e-04 1.09909091e-04]"
35	"[0.0328903  0.00730895 0.00939723 0.00692427 0.0328903  0.01461791
 0.00730895 0.00939723 0.0328903  0.00692427 0.01461791 0.0328903
 0.00730895 0.00692427]"
36	"[8.24318182e-05 1.09909091e-04 1.09909091e-04 1.09909091e-04
 8.24318182e-05 1.09909091e-04 1.09909091e-04 1.09909091e-04
 1.09909091e-04 1.09909091e-04 8.24318182e-05 1.09909091e-04
 1.09909091e-04 1.09909091e-04]"
37	"[0.00346214 0.00192341 0.00247295 0.00192341 0.00123648 0.00123648
 0.00123648 0.00247295 0.00346214 0.00346214 0.00346214 0.00192341
 0.00577023 0.00192341]"
38	"[0.02571873 0.02769709 0.02000345 0.02250389 0.02571873 0.02000345
 0.02000345 0.02571873 0.02769709 0.02250389 0.02769709 0.02250389
 0.02000345 0.02000345]"
39	"[0.00151125 0.00030225 0.00151125 0.00041216 0.00030225 0.00041216
 0.00041216 0.00151125 0.00030225 0.00030225 0.00151125 0.00030225
 0.00041216 0.00041216]"
40	"[0.0211575  0.01731068 0.01731068 0.01731068 0.01731068 0.01360125
 0.01904175 0.01904175 0.0634725  0.01731068 0.0634725  0.0380835
 0.01360125 0.01360125]"
41	"[0.00420402 0.00420402 0.00098918 0.00098918 0.00280268 0.00420402
 0.00140134 0.00098918 0.00098918 0.00186845 0.00280268 0.00186845
 0.00140134 0.00098918]"
42	"[0.03750648 0.05000864 0.05000864 0.02500432 0.02000345 0.02500432
 0.04286455 0.02308091 0.02500432 0.03750648 0.04286455 0.02500432
 0.02000345 0.02308091]"
43	"[0.00019234 0.00019234 0.00019234 0.00019234 0.00046711 0.00046711
 0.00019234 0.00019234 0.00046711 0.00046711 0.00019234 0.00019234
 0.00019234 0.00046711]"
44	"[8.24318182e-05 1.09909091e-04 1.09909091e-04 1.09909091e-04
 1.09909091e-04 1.09909091e-04 1.09909091e-04 8.24318182e-05
 8.24318182e-05 8.24318182e-05 1.09909091e-04 1.09909091e-04
 1.09909091e-04 1.09909091e-04]"
45	"[8.24318182e-05 1.09909091e-04 8.24318182e-05 1.09909091e-04
 8.24318182e-05 8.24318182e-05 8.24318182e-05 8.24318182e-05
 1.09909091e-04 8.24318182e-05 1.09909091e-04 1.09909091e-04
 1.09909091e-04 8.24318182e-05]"
46	"[8.24318182e-05 1.09909091e-04 8.24318182e-05 8.24318182e-05
 8.24318182e-05 8.24318182e-05 1.09909091e-04 1.09909091e-04
 1.09909091e-04 1.09909091e-04 8.24318182e-05 1.09909091e-04
 8.24318182e-05 1.09909091e-04]"
47	"[0.0002473  0.0002473  0.0002473  0.00065945 0.0002473  0.00021982
 0.00065945 0.00065945 0.0002473  0.00065945 0.00021982 0.0002473
 0.00021982 0.00021982]"
48	"[5.49545455e-05 5.49545455e-05 8.24318182e-05 8.24318182e-05
 5.49545455e-05 5.49545455e-05 8.24318182e-05 5.49545455e-05
 8.24318182e-05 8.24318182e-05 5.49545455e-05 5.49545455e-05
 8.24318182e-05 8.24318182e-05]"
49	"[1.09909091e-04 8.24318182e-05 1.09909091e-04 1.09909091e-04
 8.24318182e-05 1.09909091e-04 8.24318182e-05 8.24318182e-05
 8.24318182e-05 8.24318182e-05 1.09909091e-04 1.09909091e-04
 8.24318182e-05 1.09909091e-04]"
50	"[0.00535807 0.02143227 0.00329727 0.00285764 0.01428818 0.00285764
 0.00285764 0.00535807 0.00329727 0.00535807 0.00285764 0.00428645
 0.00428645 0.00428645]"
51	"[0.00186845 0.00065945 0.00186845 0.00065945 0.00140134 0.00140134
 0.00186845 0.00140134 0.00065945 0.00065945 0.00140134 0.00140134
 0.00186845 0.00140134]"
52	"[0.02308091 0.02769709 0.02308091 0.00989182 0.00989182 0.00865534
 0.02308091 0.00989182 0.00989182 0.02769709 0.02308091 0.01538727
 0.01538727 0.01538727]"
53	"[0.00307745 0.00288511 0.00329727 0.00288511 0.00288511 0.00461618
 0.00577023 0.00288511 0.00307745 0.00288511 0.01154045 0.00461618
 0.00577023 0.00307745]"
54	"[0.00288511 0.00329727 0.00329727 0.01538727 0.00769364 0.00288511
 0.00769364 0.00384682 0.00461618 0.00769364 0.00659455 0.00288511
 0.01538727 0.00461618]"
55	"[0.00865534 0.02769709 0.02308091 0.02769709 0.00769364 0.04616182
 0.01384855 0.00769364 0.03462136 0.00865534 0.01978364 0.00923236
 0.06924273 0.01538727]"
56	"[8.24318182e-05 8.24318182e-05 1.09909091e-04 8.24318182e-05
 8.24318182e-05 1.09909091e-04 1.09909091e-04 1.09909091e-04
 8.24318182e-05 1.09909091e-04 1.09909091e-04 1.09909091e-04
 8.24318182e-05 8.24318182e-05]"
57	"[0.01904175 0.01904175 0.025389   0.02769709 0.02769709 0.043524
 0.043524   0.025389   0.02769709 0.01904175 0.016926   0.025389
 0.043524   0.02769709]"
58	"[0.01401341 0.03036239 0.03036239 0.03643486 0.03036239 0.03643486
 0.01071614 0.03036239 0.03036239 0.01401341 0.03643486 0.03643486
 0.01071614 0.03036239]"
59	"[8.24318182e-05 1.09909091e-04 1.09909091e-04 8.24318182e-05
 8.24318182e-05 8.24318182e-05 1.09909091e-04 1.09909091e-04
 1.09909091e-04 8.24318182e-05 8.24318182e-05 1.09909091e-04
 1.09909091e-04 8.24318182e-05]"
60	"[0.00140134 0.00140134 0.00186845 0.00131891 0.00186845 0.00131891
 0.00186845 0.00131891 0.00186845 0.00186845 0.00131891 0.00186845
 0.00131891 0.00140134]"
61	"[0.00357205 0.01071614 0.00247295 0.00214323 0.00357205 0.00357205
 0.00178602 0.00178602 0.00357205 0.01071614 0.00357205 0.00247295
 0.01071614 0.01071614]"
62	"[0.00247295 0.00098918 0.00247295 0.00098918 0.00123648 0.00082432
 0.00109909 0.00494591 0.00494591 0.00082432 0.00329727 0.00054955
 0.00054955 0.00123648]"
63	"[0.00288511 0.0009617  0.00076936 0.00076936 0.00384682 0.00082432
 0.00076936 0.00230809 0.00288511 0.00164864 0.0009617  0.00288511
 0.00384682 0.00384682]"
64	"[0.00769364 0.00192341 0.00384682 0.00153873 0.00769364 0.00230809
 0.00153873 0.00384682 0.00230809 0.00384682 0.00288511 0.00329727
 0.00230809 0.00769364]"
65	"[0.00030225 0.00043964 0.00030225 0.00043964 0.00030225 0.00030225
 0.00030225 0.00030225 0.00043964 0.00043964 0.00030225 0.00043964
 0.00030225 0.00043964]"
66	"[0.0018135  0.0018135  0.00030225 0.00030225 0.00030225 0.00049459
 0.0006045  0.00030225 0.0018135  0.00030225 0.00030225 0.0018135
 0.00030225 0.0018135 ]"
67	"[1.09909091e-04 1.09909091e-04 1.09909091e-04 8.24318182e-05
 1.09909091e-04 1.09909091e-04 8.24318182e-05 8.24318182e-05
 8.24318182e-05 1.09909091e-04 8.24318182e-05 8.24318182e-05
 1.09909091e-04 8.24318182e-05]"
68	"[0.08614125 0.03627    0.045942   0.03627    0.045942   0.03627
 0.03627    0.03627    0.08614125 0.0574275  0.06264818 0.045942
 0.0574275  0.06264818]"
69	"[0.00016486 0.00016486 0.00013739 0.00016486 0.00016486 0.00013739
 0.00013739 0.00016486 0.00016486 0.00016486 0.00013739 0.00016486
 0.00013739 0.00013739]"
70	"[0.02802682 0.00494591 0.00560536 0.00467114 0.02102011 0.02802682
 0.02102011 0.00840805 0.01681609 0.00560536 0.00494591 0.02802682
 0.01681609 0.02802682]"
71	"[0.00065945 0.00131891 0.00131891 0.00076936 0.00076936 0.00065945
 0.00057702 0.00131891 0.00076936 0.00057702 0.00131891 0.00057702
 0.00131891 0.00131891]"
72	"[8.24318182e-05 1.09909091e-04 1.09909091e-04 8.24318182e-05
 8.24318182e-05 8.24318182e-05 8.24318182e-05 1.09909091e-04
 1.09909091e-04 1.09909091e-04 1.09909091e-04 8.24318182e-05
 8.24318182e-05 1.09909091e-04]"
73	"[8.24318182e-05 3.02250000e-04 8.24318182e-05 3.02250000e-04
 3.02250000e-04 8.24318182e-05 8.24318182e-05 3.02250000e-04
 3.02250000e-04 3.02250000e-04 8.24318182e-05 3.02250000e-04
 3.02250000e-04 8.24318182e-05]"
74	"[1.09909091e-04 1.09909091e-04 1.09909091e-04 1.09909091e-04
 1.09909091e-04 1.09909091e-04 1.09909091e-04 8.24318182e-05
 8.24318182e-05 8.24318182e-05 8.24318182e-05 8.24318182e-05
 8.24318182e-05 8.24318182e-05]"
75	"[1.09909091e-04 1.09909091e-04 8.24318182e-05 1.09909091e-04
 8.24318182e-05 1.09909091e-04 8.24318182e-05 1.09909091e-04
 8.24318182e-05 1.09909091e-04 1.09909091e-04 1.09909091e-04
 8.24318182e-05 8.24318182e-05]"
76	"[5.49545455e-05 5.49545455e-05 3.29727273e-04 3.29727273e-04
 5.49545455e-05 3.29727273e-04 5.49545455e-05 5.49545455e-05
 8.24318182e-05 8.24318182e-05 8.24318182e-05 8.24318182e-05
 8.24318182e-05 5.49545455e-05]"
77	"[0.00019234 0.00041216 0.00019234 0.00019234 0.00041216 0.00019234
 0.00019234 0.00041216 0.00041216 0.00041216 0.00019234 0.00019234
 0.00019234 0.00041216]"
78	"[1.09909091e-04 8.24318182e-05 8.24318182e-05 8.24318182e-05
 1.09909091e-04 1.09909091e-04 1.09909091e-04 1.09909091e-04
 8.24318182e-05 8.24318182e-05 1.09909091e-04 8.24318182e-05
 8.24318182e-05 1.09909091e-04]"
79	"[8.24318182e-05 1.09909091e-04 1.09909091e-04 1.09909091e-04
 1.09909091e-04 1.09909091e-04 1.09909091e-04 1.09909091e-04
 8.24318182e-05 1.09909091e-04 8.24318182e-05 8.24318182e-05
 1.09909091e-04 8.24318182e-05]"
80	"[0.03654477 0.01731068 0.01731068 0.01731068 0.01731068 0.05481716
 0.02192686 0.01731068 0.05481716 0.06578059 0.03654477 0.04698614
 0.04698614 0.04698614]"
81	"[0.0070067  0.00934227 0.00233557 0.00560536 0.00164864 0.00233557
 0.0070067  0.00934227 0.00934227 0.00934227 0.00934227 0.00164864
 0.00280268 0.00934227]"
82	"[1.09909091e-04 1.09909091e-04 8.24318182e-05 1.09909091e-04
 1.09909091e-04 8.24318182e-05 8.24318182e-05 1.09909091e-04
 8.24318182e-05 1.09909091e-04 1.09909091e-04 1.09909091e-04
 1.09909091e-04 1.09909091e-04]"
83	"[0.00153873 0.00197836 0.00173107 0.00153873 0.00173107 0.00173107
 0.00153873 0.00153873 0.00197836 0.00153873 0.00153873 0.00197836
 0.00173107 0.00153873]"
84	"[0.00730895 0.00230809 0.00230809 0.00230809 0.00730895 0.00626482
 0.00365448 0.00730895 0.00730895 0.00365448 0.00730895 0.00730895
 0.00365448 0.00365448]"
85	"[0.00054955 0.00054955 0.00098918 0.00164864 0.00123648 0.00164864
 0.00164864 0.00164864 0.00329727 0.00329727 0.00164864 0.00054955
 0.00098918 0.00054955]"
86	"[0.00420402 0.00747382 0.01681609 0.00560536 0.01121073 0.01121073
 0.00395673 0.01121073 0.00420402 0.01121073 0.01681609 0.01121073
 0.00560536 0.00747382]"
87	"[8.24318182e-05 1.09909091e-04 1.09909091e-04 1.09909091e-04
 1.09909091e-04 8.24318182e-05 8.24318182e-05 8.24318182e-05
 1.09909091e-04 1.09909091e-04 1.09909091e-04 1.09909091e-04
 1.09909091e-04 1.09909091e-04]"
88	"[0.01252964 0.00461618 0.02923582 0.02923582 0.00461618 0.01096343
 0.01252964 0.01252964 0.00461618 0.00461618 0.01252964 0.01096343
 0.01252964 0.00461618]"
89	"[0.00010991 0.00010991 0.00019234 0.00019234 0.00019234 0.00010991
 0.00019234 0.00010991 0.00019234 0.00010991 0.00019234 0.00010991
 0.00010991 0.00019234]"
90	"[1.09909091e-04 1.09909091e-04 8.24318182e-05 8.24318182e-05
 8.24318182e-05 1.09909091e-04 1.09909091e-04 8.24318182e-05
 1.09909091e-04 8.24318182e-05 8.24318182e-05 1.09909091e-04
 8.24318182e-05 1.09909091e-04]"
91	"[8.24318182e-05 8.24318182e-05 8.24318182e-05 8.24318182e-05
 1.09909091e-04 1.09909091e-04 8.24318182e-05 1.09909091e-04
 8.24318182e-05 1.09909091e-04 8.24318182e-05 1.09909091e-04
 1.09909091e-04 1.09909091e-04]"
92	"[0.00865534 0.02308091 0.02308091 0.01154045 0.00923236 0.01154045
 0.01731068 0.04616182 0.01731068 0.01538727 0.06924273 0.00989182
 0.00989182 0.00865534]"
93	"[8.24318182e-05 8.24318182e-05 1.09909091e-04 1.09909091e-04
 8.24318182e-05 1.09909091e-04 8.24318182e-05 1.09909091e-04
 8.24318182e-05 8.24318182e-05 1.09909091e-04 8.24318182e-05
 8.24318182e-05 1.09909091e-04]"
94	"[8.24318182e-05 8.24318182e-05 1.09909091e-04 8.24318182e-05
 1.09909091e-04 8.24318182e-05 8.24318182e-05 8.24318182e-05
 8.24318182e-05 1.09909091e-04 1.09909091e-04 1.09909091e-04
 1.09909091e-04 1.09909091e-04]"
95	"[0.00013739 0.00052207 0.00013739 0.00052207 0.00013739 0.00013739
 0.00052207 0.00013739 0.00013739 0.00052207 0.00052207 0.00052207
 0.00013739 0.00013739]"
96	"[0.00043964 0.00041216 0.00109909 0.00043964 0.00109909 0.00041216
 0.00041216 0.00043964 0.00109909 0.00043964 0.00109909 0.00041216
 0.00041216 0.00041216]"
97	"[8.24318182e-05 8.24318182e-05 8.24318182e-05 8.24318182e-05
 8.24318182e-05 8.24318182e-05 8.24318182e-05 1.09909091e-04
 1.09909091e-04 1.09909091e-04 1.09909091e-04 1.09909091e-04
 1.09909091e-04 1.09909091e-04]"
98	"[0.00923236 0.00197836 0.00307745 0.00923236 0.00307745 0.00197836
 0.00173107 0.00173107 0.00307745 0.00197836 0.00173107 0.00173107
 0.00307745 0.00923236]"
99	"[0.00123648 0.00123648 0.00192341 0.00192341 0.00123648 0.00173107
 0.00123648 0.00173107 0.00192341 0.00173107 0.00173107 0.00192341
 0.00192341 0.00173107]"
100	"[8.24318182e-05 8.24318182e-05 1.09909091e-04 1.09909091e-04
 1.09909091e-04 8.24318182e-05 8.24318182e-05 1.09909091e-04
 1.09909091e-04 1.09909091e-04 8.24318182e-05 8.24318182e-05
 8.24318182e-05 8.24318182e-05]"
101	"[0.0009617  0.00307745 0.0009617  0.00307745 0.0009617  0.00219818
 0.00307745 0.0009617  0.00219818 0.00192341 0.00219818 0.00192341
 0.0009617  0.0009617 ]"
102	"[0.00109909 0.00109909 0.00041216 0.00109909 0.00109909 0.00041216
 0.00041216 0.00065945 0.00041216 0.00065945 0.00109909 0.00054955
 0.00109909 0.00065945]"
103	"[0.0328903  0.01461791 0.01096343 0.00692427 0.01879445 0.01879445
 0.01879445 0.0328903  0.01096343 0.00692427 0.00730895 0.00692427
 0.01461791 0.00730895]"
104	"[8.24318182e-05 8.24318182e-05 8.24318182e-05 8.24318182e-05
 8.24318182e-05 8.24318182e-05 8.24318182e-05 1.09909091e-04
 1.09909091e-04 1.09909091e-04 1.09909091e-04 1.09909091e-04
 1.09909091e-04 1.09909091e-04]"
105	"[8.24318182e-05 1.09909091e-04 8.24318182e-05 1.09909091e-04
 1.09909091e-04 1.09909091e-04 1.09909091e-04 1.09909091e-04
 8.24318182e-05 1.09909091e-04 8.24318182e-05 1.09909091e-04
 8.24318182e-05 1.09909091e-04]"
106	"[0.00192341 0.00288511 0.00288511 0.00082432 0.00115405 0.00115405
 0.00082432 0.00115405 0.00192341 0.00288511 0.00082432 0.00192341
 0.00115405 0.00082432]"
107	"[0.00192341 0.00247295 0.01731068 0.01731068 0.01731068 0.00247295
 0.00192341 0.01731068 0.00865534 0.01731068 0.00692427 0.00692427
 0.00865534 0.00247295]"
108	"[0.0018135  0.00247295 0.00151125 0.0018135  0.0018135  0.01360125
 0.0090675  0.00247295 0.01360125 0.0090675  0.0054405  0.0054405
 0.00247295 0.0018135 ]"
109	"[0.01057875 0.01057875 0.016926   0.02418    0.016926   0.01538727
 0.016926   0.01057875 0.01057875 0.02418    0.01538727 0.016926
 0.02418    0.01057875]"
110	"[0.00574275 0.00626482 0.003627   0.003627   0.003627   0.00626482
 0.00626482 0.00626482 0.00626482 0.00574275 0.00574275 0.00626482
 0.00626482 0.003627  ]"
111	"[0.01096343 0.01461791 0.01461791 0.00692427 0.01096343 0.00939723
 0.00939723 0.0328903  0.06578059 0.00939723 0.06578059 0.01461791
 0.00692427 0.00692427]"
112	"[0.04698614 0.02192686 0.02349307 0.01827239 0.0328903  0.02349307
 0.01731068 0.01827239 0.02349307 0.02192686 0.0328903  0.01827239
 0.04698614 0.02349307]"
113	"[1.09909091e-04 1.09909091e-04 1.09909091e-04 8.24318182e-05
 8.24318182e-05 1.09909091e-04 1.09909091e-04 1.09909091e-04
 8.24318182e-05 1.09909091e-04 8.24318182e-05 1.09909091e-04
 8.24318182e-05 1.09909091e-04]"
114	"[0.00109909 0.00109909 0.00109909 0.00041216 0.00065945 0.00109909
 0.00109909 0.00065945 0.00065945 0.00041216 0.00109909 0.00041216
 0.00109909 0.00065945]"
115	"[0.0002473  0.00030225 0.0002473  0.00030225 0.0002473  0.00030225
 0.0002473  0.00030225 0.00030225 0.0002473  0.0002473  0.0002473
 0.00030225 0.0002473 ]"
116	"[0.00208827 0.00313241 0.0015662  0.00208827 0.00032973 0.0015662
 0.0015662  0.00032973 0.00313241 0.00313241 0.0015662  0.00208827
 0.0015662  0.00032973]"
117	"[1.09909091e-04 1.09909091e-04 8.24318182e-05 8.24318182e-05
 8.24318182e-05 1.09909091e-04 1.09909091e-04 8.24318182e-05
 8.24318182e-05 1.09909091e-04 8.24318182e-05 1.09909091e-04
 8.24318182e-05 1.09909091e-04]"
118	"[0.00989182 0.02308091 0.00865534 0.01384855 0.00769364 0.00865534
 0.01384855 0.00989182 0.00989182 0.00769364 0.00989182 0.00769364
 0.01384855 0.00989182]"
119	"[0.00046711 0.00027477 0.00027477 0.00046711 0.00046711 0.00046711
 0.00027477 0.00046711 0.00027477 0.00027477 0.00046711 0.00046711
 0.00027477 0.00027477]"
120	"[0.00032973 0.00052207 0.0015662  0.00052207 0.00052207 0.0015662
 0.0015662  0.0015662  0.00032973 0.00032973 0.00032973 0.00052207
 0.00052207 0.0015662 ]"
121	"[1.09909091e-04 1.09909091e-04 1.09909091e-04 8.24318182e-05
 1.09909091e-04 8.24318182e-05 1.09909091e-04 1.09909091e-04
 1.09909091e-04 1.09909091e-04 1.09909091e-04 8.24318182e-05
 1.09909091e-04 8.24318182e-05]"
122	"[0.00038468 0.00030225 0.00030225 0.00038468 0.00038468 0.00038468
 0.00030225 0.00030225 0.00038468 0.00030225 0.00030225 0.00038468
 0.00038468 0.00030225]"
123	"[0.00027477 0.00041216 0.00027477 0.00164864 0.00049459 0.00027477
 0.00027477 0.00164864 0.00049459 0.00049459 0.00027477 0.00164864
 0.00027477 0.00041216]"
124	"[0.006045   0.010881   0.00453375 0.0090675  0.00453375 0.0090675
 0.0090675  0.0090675  0.0090675  0.006045   0.00494591 0.00453375
 0.0090675  0.00453375]"
125	"[0.00151125 0.00030225 0.00041216 0.00151125 0.00090675 0.00151125
 0.00041216 0.00090675 0.00030225 0.00090675 0.00041216 0.00090675
 0.00090675 0.00030225]"
126	"[0.00019234 0.00019234 0.00019234 0.00021982 0.00019234 0.00019234
 0.00021982 0.00021982 0.00021982 0.00019234 0.00021982 0.00021982
 0.00019234 0.00019234]"
127	"[1.09909091e-04 1.09909091e-04 1.09909091e-04 1.09909091e-04
 8.24318182e-05 1.09909091e-04 8.24318182e-05 8.24318182e-05
 1.09909091e-04 1.09909091e-04 1.09909091e-04 8.24318182e-05
 1.09909091e-04 8.24318182e-05]"
128	"[0.00010991 0.0002473  0.00010991 0.00010991 0.0002473  0.00010991
 0.0002473  0.00010991 0.0002473  0.0002473  0.00010991 0.0002473
 0.0002473  0.0002473 ]"
129	"[1.09909091e-04 8.24318182e-05 8.24318182e-05 8.24318182e-05
 1.09909091e-04 1.09909091e-04 1.09909091e-04 1.09909091e-04
 8.24318182e-05 1.09909091e-04 1.09909091e-04 1.09909091e-04
 1.09909091e-04 8.24318182e-05]"
130	"[0.00104414 0.00071441 0.00104414 0.00071441 0.00104414 0.00678689
 0.00071441 0.00104414 0.00071441 0.00678689 0.00104414 0.00678689
 0.00678689 0.00104414]"
131	"[0.00395673 0.00164864 0.00123648 0.00989182 0.00219818 0.00109909
 0.00329727 0.00219818 0.00395673 0.00395673 0.00989182 0.00329727
 0.00219818 0.00247295]"
132	"[1.09909091e-04 8.24318182e-05 1.09909091e-04 1.09909091e-04
 8.24318182e-05 8.24318182e-05 1.09909091e-04 1.09909091e-04
 8.24318182e-05 1.09909091e-04 1.09909091e-04 8.24318182e-05
 8.24318182e-05 8.24318182e-05]"
133	"[0.00653959 0.00577023 0.00577023 0.00577023 0.00653959 0.00577023
 0.00980939 0.0070067  0.00577023 0.00980939 0.01961877 0.01961877
 0.01961877 0.0070067 ]"
134	"[0.07100127 0.05325095 0.03363218 0.07100127 0.05325095 0.05325095
 0.07100127 0.07987643 0.03758891 0.03363218 0.07987643 0.03363218
 0.03758891 0.03758891]"
135	"[0.00038468 0.00019234 0.00019234 0.00038468 0.00010991 0.00010991
 0.00038468 0.00019234 0.00038468 0.00010991 0.00010991 0.00019234
 0.00038468 0.00010991]"
136	"[0.00923236 0.00923236 0.07847509 0.07847509 0.01307918 0.01121073
 0.01307918 0.01961877 0.05231673 0.00980939 0.07847509 0.05231673
 0.01121073 0.03923755]"
137	"[0.045942   0.014508   0.01722825 0.045942   0.02505927 0.02505927
 0.014508   0.045942   0.045942   0.045942   0.014508   0.01722825
 0.045942   0.014508  ]"
138	"[0.00346214 0.00692427 0.00692427 0.00173107 0.00692427 0.01384855
 0.00173107 0.00923236 0.00173107 0.00197836 0.00197836 0.00197836
 0.00153873 0.01384855]"
139	"[0.00071441 0.00071441 0.00065945 0.00107161 0.00065945 0.00065945
 0.00065945 0.00071441 0.00107161 0.00107161 0.00065945 0.00071441
 0.00107161 0.00071441]"
140	"[0.00642968 0.00642968 0.00321484 0.00247295 0.00247295 0.00535807
 0.00642968 0.00247295 0.00535807 0.00535807 0.00247295 0.00247295
 0.00357205 0.00535807]"
141	"[1.09909091e-04 8.24318182e-05 8.24318182e-05 1.09909091e-04
 8.24318182e-05 8.24318182e-05 1.09909091e-04 8.24318182e-05
 8.24318182e-05 1.09909091e-04 1.09909091e-04 1.09909091e-04
 1.09909091e-04 8.24318182e-05]"
142	"[0.00560536 0.00140134 0.00560536 0.00093423 0.00093423 0.00560536
 0.00140134 0.00140134 0.00098918 0.00098918 0.00098918 0.00093423
 0.00560536 0.00098918]"
143	"[0.00038468 0.00052207 0.00038468 0.00038468 0.00052207 0.00052207
 0.00052207 0.00038468 0.00052207 0.00052207 0.00052207 0.00052207
 0.00052207 0.00052207]"
144	"[0.00027477 0.00019234 0.00019234 0.00019234 0.00019234 0.00019234
 0.00027477 0.00027477 0.00019234 0.00027477 0.00027477 0.00027477
 0.00027477 0.00019234]"
145	"[0.00010991 0.00010991 0.00038468 0.00019234 0.00038468 0.00019234
 0.00038468 0.00010991 0.00019234 0.00038468 0.00010991 0.00010991
 0.00038468 0.00010991]"
146	"[0.02802682 0.03923755 0.01634898 0.02802682 0.01634898 0.01961877
 0.03269795 0.03923755 0.01634898 0.03269795 0.02802682 0.01154045
 0.03269795 0.02802682]"
147	"[8.24318182e-05 1.09909091e-04 1.09909091e-04 1.09909091e-04
 1.09909091e-04 8.24318182e-05 1.09909091e-04 1.09909091e-04
 1.09909091e-04 8.24318182e-05 8.24318182e-05 8.24318182e-05
 8.24318182e-05 8.24318182e-05]"
148	"[0.00865534 0.00989182 0.01154045 0.02308091 0.01978364 0.00769364
 0.06924273 0.01384855 0.01731068 0.02308091 0.02308091 0.01154045
 0.01538727 0.03462136]"
149	"[0.08614125 0.068913   0.09397227 0.054405   0.08614125 0.068913
 0.09397227 0.068913   0.09397227 0.054405   0.09397227 0.09397227
 0.0574275  0.09397227]"
150	"[0.0126945  0.01731068 0.01731068 0.01731068 0.0272025  0.01731068
 0.0211575  0.0272025  0.0272025  0.0126945  0.01904175 0.0272025
 0.01904175 0.0211575 ]"
151	"[0.00208827 0.0015662  0.00098918 0.00208827 0.00208827 0.0015662
 0.00208827 0.00098918 0.0015662  0.0015662  0.00098918 0.0015662
 0.00208827 0.0015662 ]"
152	"[0.00010991 0.0002473  0.00010991 0.0002473  0.0002473  0.00049459
 0.00010991 0.0002473  0.00065945 0.00010991 0.00049459 0.0002473
 0.0002473  0.00049459]"
153	"[0.00939723 0.01096343 0.01096343 0.00346214 0.00730895 0.00730895
 0.01096343 0.01096343 0.00730895 0.01096343 0.00346214 0.01096343
 0.00346214 0.00939723]"
154	"[0.0030225  0.00192341 0.01057875 0.00192341 0.00211575 0.00211575
 0.00192341 0.01057875 0.0030225  0.0030225  0.01057875 0.00192341
 0.01057875 0.00192341]"
155	"[0.0018135  0.00032973 0.0018135  0.00032973 0.0018135  0.00030225
 0.0018135  0.00030225 0.00032973 0.0018135  0.00032973 0.00032973
 0.0018135  0.00032973]"
156	"[8.24318182e-05 1.09909091e-04 8.24318182e-05 8.24318182e-05
 8.24318182e-05 1.09909091e-04 8.24318182e-05 8.24318182e-05
 1.09909091e-04 1.09909091e-04 1.09909091e-04 1.09909091e-04
 8.24318182e-05 1.09909091e-04]"
157	"[0.00013739 0.00013739 0.00019234 0.00019234 0.00019234 0.00019234
 0.00013739 0.00013739 0.00019234 0.00019234 0.00013739 0.00013739
 0.00013739 0.00019234]"
158	"[0.00769364 0.00865534 0.00865534 0.00769364 0.00923236 0.00989182
 0.00923236 0.00865534 0.00865534 0.00923236 0.03462136 0.00923236
 0.00989182 0.00865534]"
159	"[0.00467114 0.00467114 0.00164864 0.00164864 0.00467114 0.00164864
 0.0070067  0.00560536 0.0070067  0.0070067  0.00467114 0.00164864
 0.00467114 0.0070067 ]"
160	"[0.00142882 0.00214323 0.00197836 0.00142882 0.00321484 0.01285936
 0.00214323 0.00214323 0.00214323 0.00321484 0.00142882 0.00214323
 0.00197836 0.00321484]"
161	"[1.09909091e-04 1.09909091e-04 1.09909091e-04 1.09909091e-04
 1.09909091e-04 1.09909091e-04 1.09909091e-04 8.24318182e-05
 8.24318182e-05 8.24318182e-05 8.24318182e-05 8.24318182e-05
 8.24318182e-05 8.24318182e-05]"
162	"[8.24318182e-05 8.24318182e-05 8.24318182e-05 1.09909091e-04
 8.24318182e-05 1.09909091e-04 8.24318182e-05 8.24318182e-05
 1.09909091e-04 8.24318182e-05 8.24318182e-05 8.24318182e-05
 8.24318182e-05 1.09909091e-04]"
163	"[0.00030225 0.00030225 0.00030225 0.00038468 0.00030225 0.00038468
 0.00038468 0.00038468 0.00038468 0.00038468 0.00030225 0.00038468
 0.00030225 0.00038468]"
164	"[0.00019234 0.0003572  0.0003572  0.00019234 0.00019234 0.00019234
 0.0003572  0.0003572  0.0003572  0.0003572  0.00019234 0.0003572
 0.00019234 0.0003572 ]"
165	"[1.09909091e-04 8.24318182e-05 8.24318182e-05 1.09909091e-04
 1.09909091e-04 8.24318182e-05 8.24318182e-05 8.24318182e-05
 8.24318182e-05 8.24318182e-05 8.24318182e-05 1.09909091e-04
 1.09909091e-04 8.24318182e-05]"
166	"[8.24318182e-05 1.09909091e-04 8.24318182e-05 1.09909091e-04
 1.09909091e-04 1.09909091e-04 8.24318182e-05 8.24318182e-05
 8.24318182e-05 1.09909091e-04 1.09909091e-04 1.09909091e-04
 8.24318182e-05 8.24318182e-05]"
167	"[1.09909091e-04 1.09909091e-04 1.09909091e-04 1.09909091e-04
 8.24318182e-05 1.09909091e-04 8.24318182e-05 8.24318182e-05
 8.24318182e-05 1.09909091e-04 8.24318182e-05 8.24318182e-05
 8.24318182e-05 1.09909091e-04]"
168	"[0.00151125 0.002418   0.002418   0.004836   0.002418   0.004836
 0.00151125 0.00151125 0.00151125 0.00219818 0.002418   0.00151125
 0.004836   0.00219818]"
169	"[0.02428991 0.00934227 0.03036239 0.02428991 0.00934227 0.00714409
 0.03036239 0.03036239 0.00714409 0.00714409 0.02428991 0.00714409
 0.02428991 0.02428991]"
170	"[0.00049459 0.00038468 0.00038468 0.00049459 0.0002473  0.0002473
 0.00049459 0.00049459 0.0002473  0.00049459 0.0002473  0.0002473
 0.00049459 0.00049459]"
171	"[0.00346214 0.00346214 0.00653959 0.00653959 0.00840805 0.00420402
 0.00840805 0.00840805 0.00653959 0.00420402 0.00420402 0.00653959
 0.00840805 0.00653959]"
172	"[0.00090675 0.00211575 0.00211575 0.00090675 0.00090675 0.00211575
 0.00090675 0.00211575 0.00211575 0.00115405 0.00211575 0.00090675
 0.00090675 0.00115405]"
173	"[0.00016486 0.00016486 0.00030225 0.00016486 0.00030225 0.0001395
 0.0001395  0.00016486 0.00030225 0.0001395  0.00016486 0.0001395
 0.00016486 0.00030225]"
174	"[0.00769364 0.01978364 0.06924273 0.03462136 0.00923236 0.01978364
 0.01731068 0.04616182 0.01384855 0.00989182 0.02308091 0.01538727
 0.00865534 0.00989182]"
175	"[1.09909091e-04 1.09909091e-04 1.09909091e-04 1.09909091e-04
 1.09909091e-04 1.09909091e-04 1.09909091e-04 8.24318182e-05
 8.24318182e-05 8.24318182e-05 8.24318182e-05 8.24318182e-05
 8.24318182e-05 8.24318182e-05]"
176	"[0.0002473  0.00019234 0.0002473  0.00019234 0.00019234 0.00019234
 0.00019234 0.00019234 0.0002473  0.00019234 0.0002473  0.0002473
 0.00019234 0.0002473 ]"
177	"[1.09909091e-04 1.09909091e-04 8.24318182e-05 1.09909091e-04
 1.09909091e-04 1.09909091e-04 1.09909091e-04 8.24318182e-05
 1.09909091e-04 8.24318182e-05 1.09909091e-04 8.24318182e-05
 8.24318182e-05 8.24318182e-05]"
178	"[0.02769709 0.021762   0.021762   0.033852   0.01904175 0.01904175
 0.021762   0.02769709 0.076167   0.02769709 0.0380835  0.02769709
 0.02769709 0.01904175]"
179	"[0.03036239 0.03036239 0.03036239 0.03036239 0.02428991 0.03036239
 0.02143227 0.03036239 0.02143227 0.03036239 0.02143227 0.02802682
 0.03036239 0.02428991]"
180	"[0.00249127 0.00747382 0.00233557 0.00467114 0.00467114 0.00233557
 0.00219818 0.00467114 0.00747382 0.00467114 0.00467114 0.00747382
 0.00233557 0.00467114]"
181	"[1.09909091e-04 1.09909091e-04 1.09909091e-04 1.09909091e-04
 8.24318182e-05 8.24318182e-05 8.24318182e-05 8.24318182e-05
 1.09909091e-04 8.24318182e-05 1.09909091e-04 8.24318182e-05
 1.09909091e-04 8.24318182e-05]"
182	"[0.00052207 0.00052207 0.00021982 0.00021982 0.00021982 0.00021982
 0.00052207 0.00052207 0.00052207 0.00052207 0.00052207 0.00052207
 0.00021982 0.00021982]"
183	"[0.00123648 0.00013739 0.00013739 0.00016486 0.00013739 0.00049459
 0.00123648 0.00013739 0.00013739 0.00016486 0.00049459 0.00013739
 0.00123648 0.00049459]"
184	"[0.04904693 0.02802682 0.02802682 0.01961877 0.03269795 0.03923755
 0.04904693 0.03923755 0.03923755 0.01154045 0.03269795 0.09809386
 0.01961877 0.09809386]"
185	"[8.24318182e-05 1.09909091e-04 8.24318182e-05 1.09909091e-04
 1.09909091e-04 8.24318182e-05 1.09909091e-04 8.24318182e-05
 8.24318182e-05 8.24318182e-05 1.09909091e-04 1.09909091e-04
 1.09909091e-04 8.24318182e-05]"
186	"[0.00046711 0.00052207 0.00046711 0.00052207 0.00052207 0.00052207
 0.00046711 0.00046711 0.00046711 0.00046711 0.00052207 0.00046711
 0.00052207 0.00046711]"
187	"[0.01714582 0.02000345 0.01714582 0.00923236 0.00923236 0.00923236
 0.00923236 0.0075013  0.00923236 0.01500259 0.01714582 0.00923236
 0.02000345 0.0075013 ]"
188	"[8.24318182e-05 1.09909091e-04 8.24318182e-05 8.24318182e-05
 1.09909091e-04 8.24318182e-05 1.09909091e-04 8.24318182e-05
 1.09909091e-04 8.24318182e-05 8.24318182e-05 1.09909091e-04
 1.09909091e-04 1.09909091e-04]"
189	"[0.00046711 0.00046711 0.00046711 0.00046711 0.00046711 0.00046711
 0.00038468 0.00038468 0.0032698  0.00038468 0.0032698  0.00038468
 0.0032698  0.00038468]"
190	"[0.00140134 0.00093423 0.00093423 0.00140134 0.00093423 0.00140134
 0.00280268 0.00082432 0.00093423 0.00093423 0.00082432 0.00140134
 0.00280268 0.00082432]"
191	"[0.00123648 0.0009617  0.00123648 0.0009617  0.00123648 0.00123648
 0.0009617  0.00346214 0.0009617  0.0009617  0.00123648 0.00115405
 0.00123648 0.00346214]"
192	"[2.19818182e-04 8.24318182e-05 2.19818182e-04 2.19818182e-04
 2.19818182e-04 2.19818182e-04 8.24318182e-05 2.19818182e-04
 2.19818182e-04 8.24318182e-05 2.19818182e-04 8.24318182e-05
 8.24318182e-05 2.19818182e-04]"
193	"[1.09909091e-04 8.24318182e-05 1.09909091e-04 1.09909091e-04
 1.09909091e-04 8.24318182e-05 8.24318182e-05 8.24318182e-05
 8.24318182e-05 1.09909091e-04 1.09909091e-04 8.24318182e-05
 1.09909091e-04 8.24318182e-05]"
194	"[2.47295455e-04 5.49545455e-05 2.47295455e-04 2.47295455e-04
 2.47295455e-04 5.49545455e-05 5.49545455e-05 2.47295455e-04
 5.49545455e-05 2.47295455e-04 2.47295455e-04 2.47295455e-04
 5.49545455e-05 2.47295455e-04]"
195	"[0.01978364 0.03363218 0.01978364 0.01868455 0.02102011 0.01978364
 0.02242145 0.01978364 0.02242145 0.01978364 0.03363218 0.02242145
 0.02102011 0.03363218]"
196	"[5.49545455e-05 5.49545455e-05 5.49545455e-05 5.49545455e-05
 5.49545455e-05 5.49545455e-05 1.37386364e-04 1.37386364e-04
 5.49545455e-05 1.37386364e-04 1.37386364e-04 1.37386364e-04
 1.37386364e-04 5.49545455e-05]"
197	"[1.09909091e-04 1.09909091e-04 8.24318182e-05 1.09909091e-04
 8.24318182e-05 8.24318182e-05 8.24318182e-05 1.09909091e-04
 8.24318182e-05 8.24318182e-05 8.24318182e-05 1.09909091e-04
 1.09909091e-04 1.09909091e-04]"
198	"[0.00365448 0.00365448 0.02923582 0.00417655 0.00307745 0.00365448
 0.02923582 0.00365448 0.00365448 0.02923582 0.00365448 0.02923582
 0.02923582 0.00417655]"
199	"[8.24318182e-05 8.24318182e-05 1.09909091e-04 8.24318182e-05
 1.09909091e-04 8.24318182e-05 8.24318182e-05 1.09909091e-04
 8.24318182e-05 1.09909091e-04 1.09909091e-04 1.09909091e-04
 1.09909091e-04 8.24318182e-05]"
200	"[0.00321484 0.00142882 0.00321484 0.00321484 0.00197836 0.00321484
 0.00197836 0.00285764 0.00321484 0.00321484 0.00197836 0.00197836
 0.00142882 0.00142882]"
201	"[0.00019234 0.00016486 0.00019234 0.00019234 0.00019234 0.00019234
 0.00019234 0.00019234 0.00019234 0.00019234 0.00016486 0.00019234
 0.00016486 0.00019234]"
202	"[0.054405   0.025389   0.09520875 0.0380835  0.03462136 0.03462136
 0.042315   0.03462136 0.09520875 0.03462136 0.0634725  0.054405
 0.09520875 0.09520875]"
203	"[0.01044136 0.02505927 0.01566205 0.00659455 0.01566205 0.01044136
 0.01252964 0.01566205 0.01566205 0.01252964 0.00783102 0.00659455
 0.01252964 0.01566205]"
204	"[0.00840805 0.00840805 0.00887516 0.00840805 0.00939723 0.00887516
 0.01775032 0.00887516 0.01775032 0.01775032 0.01775032 0.01775032
 0.00939723 0.00887516]"
205	"[8.24318182e-05 1.09909091e-04 1.09909091e-04 8.24318182e-05
 8.24318182e-05 1.09909091e-04 8.24318182e-05 8.24318182e-05
 8.24318182e-05 8.24318182e-05 8.24318182e-05 8.24318182e-05
 1.09909091e-04 1.09909091e-04]"
206	"[1.09909091e-04 8.24318182e-05 8.24318182e-05 8.24318182e-05
 8.24318182e-05 1.09909091e-04 1.09909091e-04 8.24318182e-05
 1.09909091e-04 1.09909091e-04 8.24318182e-05 8.24318182e-05
 8.24318182e-05 1.09909091e-04]"
207	"[0.00142882 0.00142882 0.00285764 0.00107161 0.00285764 0.00107161
 0.00428645 0.00428645 0.00065945 0.00107161 0.00107161 0.00107161
 0.00142882 0.00428645]"
208	"[0.0003572  0.0003572  0.0003572  0.0003572  0.00019234 0.0003572
 0.00019234 0.00019234 0.0003572  0.0003572  0.00019234 0.00019234
 0.00019234 0.0003572 ]"
209	"[0.014508   0.041106   0.02242145 0.02242145 0.014508   0.01541475
 0.014508   0.01541475 0.01541475 0.020553   0.041106   0.02242145
 0.041106   0.020553  ]"
210	"[4.39636364e-04 8.24318182e-05 6.59454545e-04 4.39636364e-04
 8.24318182e-05 6.59454545e-04 8.24318182e-05 8.24318182e-05
 8.24318182e-05 6.59454545e-04 8.24318182e-05 4.39636364e-04
 6.59454545e-04 4.39636364e-04]"
211	"[8.24318182e-05 1.09909091e-04 8.24318182e-05 1.09909091e-04
 1.09909091e-04 8.24318182e-05 8.24318182e-05 1.09909091e-04
 8.24318182e-05 8.24318182e-05 1.09909091e-04 1.09909091e-04
 1.09909091e-04 8.24318182e-05]"
212	"[1.09909091e-04 8.24318182e-05 1.09909091e-04 1.09909091e-04
 8.24318182e-05 8.24318182e-05 1.09909091e-04 8.24318182e-05
 1.09909091e-04 8.24318182e-05 1.09909091e-04 8.24318182e-05
 8.24318182e-05 1.09909091e-04]"
213	"[0.00329727 0.00285764 0.01428818 0.00535807 0.00535807 0.00535807
 0.00329727 0.00329727 0.00535807 0.00285764 0.01428818 0.00285764
 0.00285764 0.01428818]"
214	"[0.02088273 0.02349307 0.02088273 0.03758891 0.03758891 0.01978364
 0.01978364 0.04698614 0.04698614 0.02349307 0.03758891 0.03758891
 0.04698614 0.02349307]"
215	"[0.025389   0.01154045 0.008463   0.01057875 0.008463   0.01154045
 0.0090675  0.01057875 0.025389   0.01154045 0.01154045 0.01057875
 0.01154045 0.025389  ]"
216	"[0.00642968 0.02250389 0.00642968 0.00500086 0.02250389 0.00346214
 0.02250389 0.00642968 0.00500086 0.02250389 0.02250389 0.02250389
 0.00642968 0.00346214]"
217	"[5.49545455e-05 1.37386364e-04 5.49545455e-05 1.37386364e-04
 5.49545455e-05 1.37386364e-04 1.37386364e-04 1.37386364e-04
 1.37386364e-04 5.49545455e-05 5.49545455e-05 5.49545455e-05
 5.49545455e-05 5.49545455e-05]"
218	"[0.00098918 0.00098918 0.00098918 0.00560536 0.00098918 0.00098918
 0.00098918 0.00186845 0.00186845 0.00560536 0.00140134 0.00140134
 0.00098918 0.00098918]"
219	"[0.00467114 0.00494591 0.0070067  0.00467114 0.0070067  0.00467114
 0.0070067  0.00467114 0.00494591 0.0070067  0.0070067  0.00560536
 0.00467114 0.0070067 ]"
220	"[0.00041216 0.00192341 0.00115405 0.00041216 0.00115405 0.00115405
 0.00192341 0.00115405 0.00115405 0.0009617  0.00115405 0.0009617
 0.00115405 0.0009617 ]"
221	"[1.09909091e-04 1.09909091e-04 1.09909091e-04 1.09909091e-04
 1.09909091e-04 1.09909091e-04 1.09909091e-04 8.24318182e-05
 8.24318182e-05 8.24318182e-05 8.24318182e-05 8.24318182e-05
 8.24318182e-05 8.24318182e-05]"
222	"[0.00071441 0.00071441 0.00076936 0.00071441 0.00250043 0.00076936
 0.00076936 0.00071441 0.00250043 0.00076936 0.00250043 0.00071441
 0.00250043 0.00250043]"
223	"[2.47295455e-04 2.47295455e-04 1.64863636e-04 1.64863636e-04
 8.24318182e-05 2.47295455e-04 1.64863636e-04 5.49545455e-05
 2.47295455e-04 5.49545455e-05 2.47295455e-04 8.24318182e-05
 1.64863636e-04 1.64863636e-04]"
224	"[8.24318182e-05 8.24318182e-05 8.24318182e-05 8.24318182e-05
 8.24318182e-05 8.24318182e-05 8.24318182e-05 1.09909091e-04
 1.09909091e-04 1.09909091e-04 1.09909091e-04 1.09909091e-04
 1.09909091e-04 1.09909091e-04]"
225	"[0.00123648 0.00082432 0.00098918 0.00082432 0.00494591 0.00054955
 0.00247295 0.00054955 0.00247295 0.00082432 0.00494591 0.00098918
 0.00123648 0.00494591]"
226	"[1.09909091e-04 8.24318182e-05 1.09909091e-04 1.09909091e-04
 1.09909091e-04 1.09909091e-04 8.24318182e-05 1.09909091e-04
 1.09909091e-04 8.24318182e-05 8.24318182e-05 8.24318182e-05
 8.24318182e-05 1.09909091e-04]"
227	"[0.00230809 0.00250043 0.00250043 0.00250043 0.00250043 0.00250043
 0.00250043 0.00214323 0.00250043 0.00230809 0.00230809 0.00250043
 0.00230809 0.00214323]"
228	"[0.00013739 0.00054955 0.00013739 0.00013739 0.00054955 0.00010991
 0.00013739 0.00013739 0.00013739 0.00013739 0.00054955 0.00013739
 0.00054955 0.00013739]"
229	"[0.00076936 0.00019234 0.00057702 0.00016486 0.00057702 0.00019234
 0.00019234 0.00016486 0.00057702 0.00016486 0.00076936 0.00019234
 0.00019234 0.00016486]"
230	"[8.24318182e-05 1.09909091e-04 8.24318182e-05 1.09909091e-04
 8.24318182e-05 8.24318182e-05 8.24318182e-05 1.09909091e-04
 1.09909091e-04 1.09909091e-04 1.09909091e-04 1.09909091e-04
 8.24318182e-05 8.24318182e-05]"
231	"[8.24318182e-05 1.09909091e-04 1.09909091e-04 1.09909091e-04
 8.24318182e-05 1.09909091e-04 8.24318182e-05 8.24318182e-05
 1.09909091e-04 8.24318182e-05 8.24318182e-05 1.09909091e-04
 8.24318182e-05 8.24318182e-05]"
232	"[1.09909091e-04 8.24318182e-05 8.24318182e-05 8.24318182e-05
 1.09909091e-04 1.09909091e-04 1.09909091e-04 8.24318182e-05
 8.24318182e-05 1.09909091e-04 1.09909091e-04 1.09909091e-04
 8.24318182e-05 8.24318182e-05]"
233	"[0.00013739 0.00013739 0.00030225 0.00013739 0.00013739 0.00013739
 0.00013739 0.00013739 0.00030225 0.00030225 0.00030225 0.00030225
 0.00013739 0.00013739]"
234	"[0.00019234 0.00049459 0.0002473  0.00049459 0.0002473  0.0002473
 0.00049459 0.00057702 0.0002473  0.00049459 0.00057702 0.00019234
 0.0002473  0.00019234]"
235	"[0.00272025 0.00151125 0.0018135  0.0018135  0.00272025 0.00247295
 0.0018135  0.00247295 0.00247295 0.00247295 0.00247295 0.00151125
 0.00151125 0.0018135 ]"
236	"[1.09909091e-04 8.24318182e-05 8.24318182e-05 1.09909091e-04
 1.09909091e-04 8.24318182e-05 1.09909091e-04 8.24318182e-05
 8.24318182e-05 8.24318182e-05 1.09909091e-04 1.09909091e-04
 8.24318182e-05 1.09909091e-04]"
237	"[0.00500086 0.00392925 0.00500086 0.00392925 0.0042315  0.0042315
 0.00500086 0.0042315  0.00392925 0.00500086 0.00500086 0.00500086
 0.0042315  0.0042315 ]"
238	"[1.09909091e-04 1.09909091e-04 8.24318182e-05 1.09909091e-04
 8.24318182e-05 1.09909091e-04 8.24318182e-05 8.24318182e-05
 8.24318182e-05 8.24318182e-05 1.09909091e-04 8.24318182e-05
 8.24318182e-05 8.24318182e-05]"
239	"[8.24318182e-05 1.09909091e-04 1.09909091e-04 8.24318182e-05
 8.24318182e-05 1.09909091e-04 8.24318182e-05 8.24318182e-05
 1.09909091e-04 1.09909091e-04 8.24318182e-05 1.09909091e-04
 1.09909091e-04 8.24318182e-05]"
240	"[0.0070067  0.02802682 0.00934227 0.0070067  0.02802682 0.00659455
 0.0070067  0.00659455 0.00659455 0.00934227 0.00934227 0.01121073
 0.0070067  0.01121073]"
241	"[1.09909091e-04 1.09909091e-04 1.09909091e-04 1.09909091e-04
 8.24318182e-05 8.24318182e-05 8.24318182e-05 8.24318182e-05
 8.24318182e-05 8.24318182e-05 1.09909091e-04 1.09909091e-04
 8.24318182e-05 8.24318182e-05]"
242	"[0.00021982 0.00021982 0.00019234 0.00019234 0.00021982 0.00019234
 0.00019234 0.00019234 0.00021982 0.00019234 0.00019234 0.00019234
 0.00019234 0.00019234]"
243	"[8.24318182e-05 1.09909091e-04 8.24318182e-05 1.09909091e-04
 1.09909091e-04 1.09909091e-04 8.24318182e-05 8.24318182e-05
 8.24318182e-05 1.09909091e-04 1.09909091e-04 8.24318182e-05
 1.09909091e-04 1.09909091e-04]"
244	"[0.00054955 0.00054955 0.00065945 0.00041216 0.00065945 0.00065945
 0.00065945 0.00054955 0.00065945 0.00065945 0.00082432 0.00065945
 0.00041216 0.00082432]"
245	"[8.24318182e-05 1.09909091e-04 8.24318182e-05 8.24318182e-05
 8.24318182e-05 1.09909091e-04 8.24318182e-05 8.24318182e-05
 8.24318182e-05 8.24318182e-05 1.09909091e-04 8.24318182e-05
 8.24318182e-05 8.24318182e-05]"
246	"[8.24318182e-05 8.24318182e-05 8.24318182e-05 8.24318182e-05
 8.24318182e-05 8.24318182e-05 8.24318182e-05 1.09909091e-04
 1.09909091e-04 1.09909091e-04 1.09909091e-04 1.09909091e-04
 1.09909091e-04 1.09909091e-04]"
247	"[3.57204545e-04 3.57204545e-04 3.57204545e-04 3.57204545e-04
 5.49545455e-05 5.49545455e-05 3.57204545e-04 3.57204545e-04
 5.49545455e-05 5.49545455e-05 5.49545455e-05 3.57204545e-04
 3.57204545e-04 3.57204545e-04]"
248	"[3.02250000e-04 3.02250000e-04 3.02250000e-04 3.02250000e-04
 8.24318182e-05 3.02250000e-04 3.02250000e-04 8.24318182e-05
 3.02250000e-04 3.02250000e-04 3.02250000e-04 3.02250000e-04
 3.02250000e-04 8.24318182e-05]"
249	"[8.24318182e-05 2.19818182e-04 1.64863636e-04 2.19818182e-04
 1.64863636e-04 1.64863636e-04 1.64863636e-04 1.64863636e-04
 8.24318182e-05 2.19818182e-04 1.64863636e-04 8.24318182e-05
 8.24318182e-05 2.19818182e-04]"
250	"[8.24318182e-05 8.24318182e-05 8.24318182e-05 8.24318182e-05
 1.09909091e-04 1.09909091e-04 1.09909091e-04 1.09909091e-04
 8.24318182e-05 1.09909091e-04 8.24318182e-05 8.24318182e-05
 8.24318182e-05 8.24318182e-05]"
251	"[0.00032973 0.00032973 0.00052207 0.00052207 0.00032973 0.00032973
 0.00032973 0.00052207 0.00052207 0.00052207 0.00032973 0.00032973
 0.00032973 0.00052207]"
252	"[1.09909091e-04 8.24318182e-05 1.09909091e-04 1.09909091e-04
 1.09909091e-04 1.09909091e-04 1.09909091e-04 1.09909091e-04
 8.24318182e-05 8.24318182e-05 1.09909091e-04 8.24318182e-05
 1.09909091e-04 8.24318182e-05]"
253	"[0.03214841 0.02571873 0.02571873 0.00714409 0.0160742  0.02571873
 0.03214841 0.01071614 0.00989182 0.0160742  0.01071614 0.00714409
 0.02571873 0.00989182]"
254	"[0.00093423 0.0070067  0.00233557 0.00082432 0.00140134 0.00467114
 0.0070067  0.00233557 0.00093423 0.00467114 0.00140134 0.00280268
 0.00233557 0.00467114]"
255	"[8.24318182e-05 8.24318182e-05 8.24318182e-05 1.09909091e-04
 8.24318182e-05 1.09909091e-04 8.24318182e-05 8.24318182e-05
 8.24318182e-05 1.09909091e-04 1.09909091e-04 8.24318182e-05
 1.09909091e-04 8.24318182e-05]"
256	"[0.03173625 0.03173625 0.0211575  0.00577023 0.0126945  0.00577023
 0.00634725 0.03173625 0.00577023 0.0126945  0.0126945  0.00634725
 0.0090675  0.0090675 ]"
257	"[8.24318182e-05 1.64863636e-04 8.24318182e-05 1.64863636e-04
 8.24318182e-05 1.64863636e-04 1.64863636e-04 1.64863636e-04
 1.09909091e-04 1.09909091e-04 8.24318182e-05 1.09909091e-04
 1.64863636e-04 8.24318182e-05]"
258	"[8.24318182e-05 1.64863636e-04 4.39636364e-04 4.39636364e-04
 3.29727273e-04 1.64863636e-04 4.39636364e-04 4.39636364e-04
 8.24318182e-05 4.39636364e-04 8.24318182e-05 3.29727273e-04
 8.24318182e-05 3.29727273e-04]"
259	"[0.00280268 0.00280268 0.00280268 0.00420402 0.00420402 0.00093423
 0.00420402 0.00093423 0.00280268 0.00098918 0.00420402 0.00093423
 0.00098918 0.00280268]"
260	"[0.00032973 0.00041216 0.00032973 0.00041216 0.00041216 0.00041216
 0.00021982 0.00032973 0.00041216 0.00041216 0.00032973 0.00041216
 0.00021982 0.00032973]"
261	"[0.00021982 0.00186845 0.00046711 0.00186845 0.00046711 0.00186845
 0.00093423 0.00046711 0.00046711 0.00021982 0.00186845 0.00093423
 0.00021982 0.00046711]"
262	"[0.00013739 0.00046711 0.00013739 0.00046711 0.00013739 0.00046711
 0.00046711 0.00046711 0.00013739 0.00046711 0.00046711 0.00046711
 0.00046711 0.00013739]"
263	"[2.19818182e-04 1.64863636e-04 1.64863636e-04 8.24318182e-05
 8.24318182e-05 8.24318182e-05 8.24318182e-05 1.64863636e-04
 8.24318182e-05 2.19818182e-04 8.24318182e-05 2.19818182e-04
 8.24318182e-05 8.24318182e-05]"
264	"[0.01500259 0.02250389 0.01384855 0.01500259 0.02250389 0.01500259
 0.02250389 0.01285936 0.01384855 0.01285936 0.01000173 0.01000173
 0.02250389 0.02250389]"
265	"[0.00178602 0.00192341 0.00357205 0.00250043 0.00250043 0.00250043
 0.00250043 0.00357205 0.00192341 0.00357205 0.00178602 0.00178602
 0.00178602 0.00192341]"
266	"[1.09909091e-04 8.24318182e-05 1.09909091e-04 8.24318182e-05
 8.24318182e-05 8.24318182e-05 1.09909091e-04 1.09909091e-04
 1.09909091e-04 8.24318182e-05 8.24318182e-05 8.24318182e-05
 1.09909091e-04 1.09909091e-04]"
267	"[8.24318182e-05 8.24318182e-05 8.24318182e-05 1.09909091e-04
 8.24318182e-05 8.24318182e-05 1.09909091e-04 8.24318182e-05
 1.09909091e-04 1.09909091e-04 1.09909091e-04 8.24318182e-05
 1.09909091e-04 1.09909091e-04]"
268	"[8.24318182e-05 8.24318182e-05 8.24318182e-05 1.09909091e-04
 1.09909091e-04 8.24318182e-05 8.24318182e-05 8.24318182e-05
 1.09909091e-04 1.09909091e-04 8.24318182e-05 8.24318182e-05
 1.09909091e-04 1.09909091e-04]"
269	"[1.09909091e-04 1.09909091e-04 8.24318182e-05 8.24318182e-05
 8.24318182e-05 1.09909091e-04 1.09909091e-04 8.24318182e-05
 8.24318182e-05 8.24318182e-05 1.09909091e-04 8.24318182e-05
 1.09909091e-04 1.09909091e-04]"
270	"[0.00109909 0.00395673 0.00123648 0.00395673 0.00123648 0.00123648
 0.00109909 0.00123648 0.00395673 0.00123648 0.00109909 0.00109909
 0.00395673 0.00109909]"
271	"[1.09909091e-04 8.24318182e-05 1.09909091e-04 8.24318182e-05
 1.09909091e-04 1.09909091e-04 1.09909091e-04 8.24318182e-05
 8.24318182e-05 8.24318182e-05 8.24318182e-05 8.24318182e-05
 8.24318182e-05 8.24318182e-05]"
272	"[0.00054955 0.00082432 0.00082432 0.00123648 0.00164864 0.00164864
 0.00329727 0.00054955 0.00123648 0.00329727 0.00065945 0.00164864
 0.00054955 0.00054955]"
273	"[0.00016486 0.00016486 0.00013739 0.00013739 0.00013739 0.00016486
 0.00013739 0.00013739 0.00016486 0.00013739 0.00016486 0.00016486
 0.00013739 0.00016486]"
274	"[0.08875159 0.0443758  0.0443758  0.02662548 0.01401341 0.01401341
 0.08875159 0.01566205 0.01401341 0.01566205 0.08875159 0.01566205
 0.08875159 0.01566205]"
275	"[0.00197836 0.00197836 0.00197836 0.00197836 0.00123648 0.00989182
 0.00989182 0.00989182 0.00123648 0.00109909 0.00989182 0.00989182
 0.00123648 0.00197836]"
276	"[8.24318182e-05 8.24318182e-05 1.09909091e-04 1.09909091e-04
 1.09909091e-04 8.24318182e-05 1.09909091e-04 8.24318182e-05
 1.09909091e-04 1.09909091e-04 8.24318182e-05 8.24318182e-05
 1.09909091e-04 8.24318182e-05]"
277	"[0.00887516 0.00887516 0.00208827 0.00887516 0.00887516 0.00186845
 0.00186845 0.00186845 0.00208827 0.00186845 0.00186845 0.00208827
 0.00186845 0.00208827]"
278	"[0.00178602 0.00164864 0.00535807 0.00535807 0.00164864 0.00164864
 0.00178602 0.00178602 0.00178602 0.00214323 0.00214323 0.00164864
 0.00164864 0.00178602]"
279	"[1.09909091e-04 1.09909091e-04 1.09909091e-04 1.09909091e-04
 8.24318182e-05 1.09909091e-04 8.24318182e-05 1.09909091e-04
 8.24318182e-05 8.24318182e-05 1.09909091e-04 1.09909091e-04
 8.24318182e-05 8.24318182e-05]"
280	"[0.00076936 0.0009617  0.00076936 0.0009617  0.00076936 0.00082432
 0.00082432 0.00076936 0.0009617  0.00082432 0.0009617  0.00076936
 0.0009617  0.00076936]"
281	"[8.24318182e-05 8.24318182e-05 8.24318182e-05 8.24318182e-05
 8.24318182e-05 8.24318182e-05 8.24318182e-05 1.09909091e-04
 1.09909091e-04 1.09909091e-04 1.09909091e-04 1.09909091e-04
 1.09909091e-04 1.09909091e-04]"
282	"[0.00560536 0.01681609 0.00560536 0.01681609 0.00560536 0.00467114
 0.00560536 0.00467114 0.00494591 0.0070067  0.00560536 0.0070067
 0.00494591 0.0070067 ]"
283	"[0.00010991 0.00010991 0.00010991 0.00027477 0.00027477 0.00027477
 0.00027477 0.00013739 0.00013739 0.00027477 0.00013739 0.00027477
 0.00027477 0.00027477]"
284	"[0.00151125 0.00272025 0.00272025 0.00247295 0.00272025 0.00247295
 0.00247295 0.00272025 0.00151125 0.00272025 0.00272025 0.00272025
 0.00247295 0.00247295]"
285	"[0.01250216 0.00535807 0.00535807 0.00535807 0.01500259 0.00577023
 0.00577023 0.00535807 0.00577023 0.01250216 0.00535807 0.01250216
 0.01250216 0.00535807]"
286	"[0.0015662  0.00208827 0.00052207 0.00032973 0.00052207 0.00032973
 0.00032973 0.00052207 0.00032973 0.00052207 0.0015662  0.00208827
 0.00208827 0.0015662 ]"
287	"[0.00082432 0.00214323 0.00535807 0.00357205 0.00214323 0.00357205
 0.00357205 0.00535807 0.00214323 0.00214323 0.00535807 0.00214323
 0.00535807 0.00214323]"
288	"[0.00013739 0.00013739 0.00013739 0.00123648 0.00123648 0.00013739
 0.00013739 0.00016486 0.00013739 0.00013739 0.00123648 0.00016486
 0.00123648 0.00013739]"
289	"[8.24318182e-05 8.24318182e-05 1.09909091e-04 1.09909091e-04
 8.24318182e-05 1.09909091e-04 1.09909091e-04 1.09909091e-04
 8.24318182e-05 8.24318182e-05 1.09909091e-04 8.24318182e-05
 8.24318182e-05 1.09909091e-04]"
290	"[0.00115405 0.00076936 0.00288511 0.00115405 0.00076936 0.00192341
 0.00115405 0.00164864 0.00115405 0.00115405 0.00164864 0.00082432
 0.00164864 0.00082432]"
291	"[2.47295455e-04 5.49545455e-05 5.49545455e-05 5.49545455e-05
 5.49545455e-05 2.47295455e-04 2.47295455e-04 2.47295455e-04
 5.49545455e-05 5.49545455e-05 2.47295455e-04 2.47295455e-04
 2.47295455e-04 5.49545455e-05]"
292	"[0.00019234 0.00016486 0.00016486 0.00019234 0.00019234 0.00016486
 0.00019234 0.00019234 0.00016486 0.00019234 0.00016486 0.00016486
 0.00019234 0.00019234]"
293	"[0.0002473  0.00027477 0.00027477 0.00123648 0.00123648 0.00123648
 0.00123648 0.00123648 0.00123648 0.00123648 0.00123648 0.0002473
 0.00027477 0.00123648]"
294	"[0.00329727 0.00417655 0.02088273 0.00329727 0.03132409 0.03132409
 0.00329727 0.02088273 0.00417655 0.00783102 0.03132409 0.00783102
 0.02088273 0.00783102]"
295	"[0.00010991 0.00010991 0.0003572  0.00010991 0.0003572  0.0003572
 0.00010991 0.0003572  0.0003572  0.0003572  0.0003572  0.0003572
 0.00010991 0.00010991]"
296	"[0.00288511 0.00659455 0.00288511 0.00288511 0.00307745 0.00307745
 0.00307745 0.00659455 0.00659455 0.02308091 0.02308091 0.02308091
 0.02308091 0.00659455]"
297	"[0.00115405 0.00115405 0.00247295 0.00577023 0.00192341 0.00247295
 0.00115405 0.00577023 0.00173107 0.00577023 0.00192341 0.00577023
 0.00865534 0.00115405]"
298	"[1.09909091e-04 1.09909091e-04 1.09909091e-04 1.09909091e-04
 1.09909091e-04 1.09909091e-04 1.09909091e-04 8.24318182e-05
 8.24318182e-05 8.24318182e-05 8.24318182e-05 8.24318182e-05
 8.24318182e-05 8.24318182e-05]"
299	"[0.00272025 0.0006045  0.0006045  0.00098918 0.0006045  0.001209
 0.00098918 0.00272025 0.001209   0.00098918 0.00272025 0.00272025
 0.00098918 0.0006045 ]"
